-- MySQL dump 10.19  Distrib 10.3.34-MariaDB, for Linux (x86_64)
--
-- Host: localhost    Database: techtvxs_interview
-- ------------------------------------------------------
-- Server version	10.3.34-MariaDB-cll-lve

/*!40101 SET @OLD_CHARACTER_SET_CLIENT=@@CHARACTER_SET_CLIENT */;
/*!40101 SET @OLD_CHARACTER_SET_RESULTS=@@CHARACTER_SET_RESULTS */;
/*!40101 SET @OLD_COLLATION_CONNECTION=@@COLLATION_CONNECTION */;
/*!40101 SET NAMES utf8mb4 */;
/*!40103 SET @OLD_TIME_ZONE=@@TIME_ZONE */;
/*!40103 SET TIME_ZONE='+00:00' */;
/*!40014 SET @OLD_UNIQUE_CHECKS=@@UNIQUE_CHECKS, UNIQUE_CHECKS=0 */;
/*!40014 SET @OLD_FOREIGN_KEY_CHECKS=@@FOREIGN_KEY_CHECKS, FOREIGN_KEY_CHECKS=0 */;
/*!40101 SET @OLD_SQL_MODE=@@SQL_MODE, SQL_MODE='NO_AUTO_VALUE_ON_ZERO' */;
/*!40111 SET @OLD_SQL_NOTES=@@SQL_NOTES, SQL_NOTES=0 */;

--
-- Table structure for table `ans_gvz6n93l`
--

DROP TABLE IF EXISTS `ans_gvz6n93l`;
/*!40101 SET @saved_cs_client     = @@character_set_client */;
/*!40101 SET character_set_client = utf8 */;
CREATE TABLE `ans_gvz6n93l` (
  `ans_gvz6n93lid` int(6) unsigned NOT NULL AUTO_INCREMENT,
  PRIMARY KEY (`ans_gvz6n93lid`)
) ENGINE=InnoDB DEFAULT CHARSET=latin1;
/*!40101 SET character_set_client = @saved_cs_client */;

--
-- Dumping data for table `ans_gvz6n93l`
--

LOCK TABLES `ans_gvz6n93l` WRITE;
/*!40000 ALTER TABLE `ans_gvz6n93l` DISABLE KEYS */;
/*!40000 ALTER TABLE `ans_gvz6n93l` ENABLE KEYS */;
UNLOCK TABLES;

--
-- Table structure for table `ans_qtggm03o`
--

DROP TABLE IF EXISTS `ans_qtggm03o`;
/*!40101 SET @saved_cs_client     = @@character_set_client */;
/*!40101 SET character_set_client = utf8 */;
CREATE TABLE `ans_qtggm03o` (
  `ans_qtggm03oid` int(6) unsigned NOT NULL AUTO_INCREMENT,
  `SubDate` text DEFAULT NULL,
  `ipAddress` text DEFAULT NULL,
  `commReview` text DEFAULT NULL,
  `videoColloboration` text DEFAULT NULL,
  `reviewStatus` text DEFAULT NULL,
  `overGrade` text DEFAULT NULL,
  `sent` text DEFAULT NULL,
  `sentDate` text DEFAULT NULL,
  `sentReport` text DEFAULT NULL,
  `ReportLink` text DEFAULT NULL,
  `AutoGrade` text DEFAULT NULL,
  `field13` varchar(800) DEFAULT NULL,
  `interv_field7` varchar(800) DEFAULT NULL,
  `field3` varchar(800) DEFAULT NULL,
  `review_field5` varchar(800) DEFAULT NULL,
  `review_field11` varchar(800) DEFAULT NULL,
  `interv_field9` varchar(800) DEFAULT NULL,
  `field4` varchar(800) DEFAULT NULL,
  `review_field10` varchar(800) DEFAULT NULL,
  `review_field7` varchar(800) DEFAULT NULL,
  `interv_field5` varchar(800) DEFAULT NULL,
  `review_field6` varchar(800) DEFAULT NULL,
  `interv_field11` varchar(800) DEFAULT NULL,
  `interv_field6` varchar(800) DEFAULT NULL,
  `interv_field8` varchar(800) DEFAULT NULL,
  `field12` varchar(800) DEFAULT NULL,
  `review_field8` varchar(800) DEFAULT NULL,
  `interv_field10` varchar(800) DEFAULT NULL,
  `review_field9` varchar(800) DEFAULT NULL,
  PRIMARY KEY (`ans_qtggm03oid`)
) ENGINE=InnoDB AUTO_INCREMENT=7 DEFAULT CHARSET=latin1;
/*!40101 SET character_set_client = @saved_cs_client */;

--
-- Dumping data for table `ans_qtggm03o`
--

LOCK TABLES `ans_qtggm03o` WRITE;
/*!40000 ALTER TABLE `ans_qtggm03o` DISABLE KEYS */;
INSERT INTO `ans_qtggm03o` (`ans_qtggm03oid`, `SubDate`, `ipAddress`, `commReview`, `videoColloboration`, `reviewStatus`, `overGrade`, `sent`, `sentDate`, `sentReport`, `ReportLink`, `AutoGrade`, `field13`, `interv_field7`, `field3`, `review_field5`, `review_field11`, `interv_field9`, `field4`, `review_field10`, `review_field7`, `interv_field5`, `review_field6`, `interv_field11`, `interv_field6`, `interv_field8`, `field12`, `review_field8`, `interv_field10`, `review_field9`) VALUES (1,'SubDate','ipAddress','commReview','videoColloboration','reviewStatus','overGrade','sent','sentDate','sentReport','ReportLink','AutoGrade','Reviewer Email','Interview Question 3','Your Name','','','Interview Question 5','Your Email','','','Interview Question 1','','Interview Question 7','Interview Question 2','Interview Question 4','Nominee Email','','Interview Question 6',''),(2,'2022-06-09','157.48.186.109  17.4139,78.5053','Review 8',NULL,'Yes','A+','Yes','06/09/2022, 11:25:44','Yes','media/pdf_reports/pdf_M03Oreport.pdf','0','infoswap90@gmail.com','','abc','Review 3','Review 4','','infoswap90@gmail.com','Review 7','Review 1','','Review 5','','','','infoswap90@gmail.com','Review 6','','Review 2'),(3,'2022-06-09','157.47.108.2  17.4139,78.5053','abc',NULL,'Yes','A+','Yes','06/09/2022, 15:48:00','Yes','media/pdf_reports/pdf_M03Oreport.pdf','0','infoswap90@gmail.com','','dfgsdg','','','','infoswap90@gmail.com','','','','','','','','infoswap90@gmail.com','','',''),(4,'2022-06-09','157.47.108.2  17.4139,78.5053','dsf',NULL,'Yes','A+','Yes','06/09/2022, 15:56:32','Yes','media/pdf_reports/pdf_M03Oreport.pdf','0','infoswap90@gmail.com','','dfsd','','','','infoswap90@gmail.com','','','','','','','','infoswap90@gmail.com','','',''),(5,'2022-06-09','157.47.108.2  17.4139,78.5053',NULL,NULL,'No','No','No',NULL,'No',NULL,'0','infoswap90@gmail.com','','dfsf',NULL,NULL,'','infoswap90@gmail.com',NULL,NULL,'',NULL,'','','','infoswap90@gmail.com',NULL,'',NULL),(6,'2022-06-09','157.47.108.2  17.4139,78.5053',NULL,NULL,'No','No','No',NULL,'No',NULL,'0','infoswap90@gmail.com','','hhhjh',NULL,NULL,'','infoswap90@gmail.com',NULL,NULL,'',NULL,'','','','infoswap90@gmail.com',NULL,'',NULL);
/*!40000 ALTER TABLE `ans_qtggm03o` ENABLE KEYS */;
UNLOCK TABLES;

--
-- Table structure for table `ans_z8l3vak1`
--

DROP TABLE IF EXISTS `ans_z8l3vak1`;
/*!40101 SET @saved_cs_client     = @@character_set_client */;
/*!40101 SET character_set_client = utf8 */;
CREATE TABLE `ans_z8l3vak1` (
  `ans_z8l3vak1id` int(11) NOT NULL AUTO_INCREMENT,
  `column_1` text DEFAULT NULL,
  `column_2` text DEFAULT NULL,
  `column_3` text DEFAULT NULL,
  `column_4` text DEFAULT NULL,
  `column_5` text DEFAULT NULL,
  `column_6` text DEFAULT NULL,
  `column_7` text DEFAULT NULL,
  `column_8` text DEFAULT NULL,
  `SubDate` text DEFAULT NULL,
  `ipAddress` text DEFAULT NULL,
  `commReview` text DEFAULT NULL,
  `videoColloboration` text DEFAULT NULL,
  `reviewStatus` text DEFAULT NULL,
  `overGrade` text DEFAULT NULL,
  `sent` text DEFAULT NULL,
  `sentDate` text DEFAULT NULL,
  `sentReport` text DEFAULT NULL,
  `ReportLink` text DEFAULT NULL,
  `AutoGrade` text DEFAULT NULL,
  PRIMARY KEY (`ans_z8l3vak1id`)
) ENGINE=InnoDB AUTO_INCREMENT=64 DEFAULT CHARSET=latin1;
/*!40101 SET character_set_client = @saved_cs_client */;

--
-- Dumping data for table `ans_z8l3vak1`
--

LOCK TABLES `ans_z8l3vak1` WRITE;
/*!40000 ALTER TABLE `ans_z8l3vak1` DISABLE KEYS */;
INSERT INTO `ans_z8l3vak1` (`ans_z8l3vak1id`, `column_1`, `column_2`, `column_3`, `column_4`, `column_5`, `column_6`, `column_7`, `column_8`, `SubDate`, `ipAddress`, `commReview`, `videoColloboration`, `reviewStatus`, `overGrade`, `sent`, `sentDate`, `sentReport`, `ReportLink`, `AutoGrade`) VALUES (1,'First Name','Last Name','Gender','Age','Contact Number','Email Address','','Country','SubDate','ipAddress','commReview','videoColloboration','reviewStatus','overGrade','sent','sentDate','sentReport','ReportLink','AutoGrade'),(7,'Shifa','Shaikh','Female','19','9821622507','shaikhshifa1405@gmail.com','Social Volunteer','India','2022-05-31','','','','No','','No','','No','','0'),(8,'Aiman','Shaikh','Female','21','7208427292','aimanroyalcollege@gmail.com','Non smoker','India','2022-05-31','','','','No','','No','','No','','0'),(10,'Trishala','Gandhi','Female','57','9561272300','avbnatepremache@yahoo.com','Smoker','India','2022-05-31','','','','No','','No','','No','','0'),(11,'Aasawari','Pol','Female','21','9082061732','aasawaripol007@gmail.com','Social Volunteer','India','2022-05-31','','','','No','','No','','No','','0'),(12,'UJWALA','BAPAT','Female','58','9820718584','ujwala.bapat@gmail.com','Social Volunteer','India','2022-05-31','','','','No','','No','','No','','0'),(13,'Dr.Manasi','Wakankar','Female','26','+919930187680','mmw2203@gmail.com','Social Volunteer','India','2022-05-31','','','','No','','No','','No','','0'),(14,'Zainab','Shaikh','Female','20','7208395371','zainab1003276@gmail.com','Social Volunteer','India','2022-05-31','','','','No','','No','','No','','0'),(15,'kiran','vijay','Male','45','9952044828','socialmanttra@gmail.com','Social Volunteer','India','2022-05-31','','','','No','','No','','No','','0'),(16,'Mehul','Vyas','Male','47','6145725942','arjunmehul@gmail.com','Non smoker','India','2022-05-31','','','','No','','No','','No','','0'),(17,'Shruti','Jain','Female','18','+918425967970','shrutijainsj694@gmail.com','Social Volunteer','India','2022-05-31','','','','No','','No','','No','','0'),(18,'yogita','Shrivastava','Female','43','8329212310','yogitashri2020@gmail.com','Social Volunteer','India','2022-05-31','','','','No','','No','','No','','0'),(19,'Nida','Patel','Female','18','9892886451','nidapatel2003@gmail.com','Social Volunteer','India','2022-05-31','','','','No','','No','','No','','0'),(20,'Dr.Manasi','Wakankar','','26','+919930187680','mmw2203@gmail.com','Social Volunteer','India','2022-05-31','','','','No','','No','','No','','0'),(21,'Dnyaneshwari','Tandy','Female','43','9284013448','dnyanw@gmail.com','Social Volunteer','India','2022-05-31','','','','No','','No','','No','','0'),(22,'Umme habiba','Khan','Female','18','8657831151','ummehabibakhan3002@gmail.com','Social Volunteer','India','2022-05-31','','','','No','','No','','No','','0'),(23,'Sonam','Gupta','Female','19','9136305811','sonamgupta13dec@gmail.com','Social Volunteer','India','2022-05-31','','','','No','','No','','No','','0'),(24,'Mahe Darakhshan','Juned Ahmed','Female','20','9967720578','maheks138@gmail.com','Social Volunteer','India','2022-05-31','','','','No','','No','','No','','0'),(25,'Asmaa','Shaikh','Female','24','9987318344','asmaashaikh96@gmail.com','Social Volunteer','India','2022-05-31','','','','No','','No','','No','','0'),(26,'Diksha','Surve','Female','23','07743844138','dikshasurve123@gmail.com','Social Volunteer','India','2022-05-31','','','','No','','No','','No','','0'),(27,'Shifa','Shaikh','Female','19','9821622507','shaikhshifa1405@gmail.com','Social Volunteer','India','2022-05-31','','','','No','','No','','No','','0'),(28,'Ansari','Nana','Female','18','9136320132','naba.ansari2240@gmail.com','Social Volunteer','India','2022-05-31','','','','No','','No','','No','','0'),(29,'Shifa','Zamindar','Female','18','9324112932','shifazamindar@gmail.com','Social Volunteer','India','2022-05-31','','','','No','','No','','No','','0'),(30,'Ansari','Naba','Female','18','9136320132','naba.ansari2240@gmail.com','Social Volunteer','India','2022-05-31','','','','No','','No','','No','','0'),(31,'Atoofa','Siddiqui','Female','18','7208247780','siddiquiatoofa24@gmail.com','','India','2022-05-31','','','','No','','No','','No','','0'),(32,'','Anu','Female','41','09967781248','anuletters@gmail.com','Social Volunteer','India','2022-05-31','','','','No','','No','','No','','0'),(33,'Sneha','Bathula','Female','27','9029655939','snehabathul@gmail.com','Non smoker','India','2022-05-31','','','','No','','No','','No','','0'),(34,'Dr.Manasi','Wakankar','Female','26','+919930187680','mmw2203@gmail.com','Social Volunteer','India','2022-05-31','','','','No','','No','','No','','0'),(35,'Deepali','Kulye','Female','23','9967601265','deepalikulye08@gmail.com','Non smoker','India','2022-06-01','','','','No','','No','','No','','0'),(36,'Nazia','Ansari','Female','24','9967712287','naziaansari944@gmail.com','Non smoker','India','2022-06-01','','','','No','','No','','No','','0'),(37,'Vijaya Kanase','','Female','44','9833324133','networkingmanager.fdp@gmail.com','Non smoker','India','2022-06-01','','','','No','','No','','No','','0'),(38,'Monal','Dixit','Female','40','504709661','dixitmonal25@gmail.com','Non smoker','India','2022-06-01','','','','No','','No','','No','','0'),(39,'Nabila','Dhamani','Female','36','09769737270','nabiladhamani@gmail.com','Social Volunteer','India','2022-06-01','','','','No','','No','','No','','0'),(40,'Veena','Pillai','Female','','09003159630','hiveenu@gmail.com','Social Volunteer','India','2022-06-01','','','','No','','No','','No','','0'),(41,'Dr sneha','Jadi','Female','27','7411310298','drsnehaofficial66@gmail.com','Non smoker','India','2022-06-01','','','','No','','No','','No','','0'),(42,'Sanjay','Sawant','Male','41','9967924071','sanjay.sawant1981@gmail.com','Non smoker','India','2022-06-01','','','','No','','No','','No','','0'),(43,'Dr. Freda Cota Pereira','','Female','48','8459468294','freeda_cota@rediffmail.com','Non smoker','India','2022-06-01','','','','No','','No','','No','','0'),(44,'Anuradha','Rawal','Female','','9953202962','','Non smoker','India','2022-06-01','','','','No','','No','','No','','0'),(45,'','','','','','','','India','2022-06-01','','','','No','','No','','No','','0'),(46,'Ranjeev','Joseph','Male','27','9004850007','ranjeevjoseph@gmail.com','Non smoker','India','2022-06-01','','','','No','','No','','No','','0'),(47,'Akshay','Jamkhedkar','Male','27','9167377352','akshayjinc.10@gmail.com','Non smoker','India','2022-06-01','','','','No','','No','','No','','0'),(48,'Sachin','Khule','Male','45','9324790678','','Social Volunteer','India','2022-06-01','','','','No','','No','','No','','0'),(49,'Dr Archana','Kabra','Female','37','7588007568','archana12185@gmail.com','Social Volunteer','India','2022-06-01','','','','No','','No','','No','','0'),(50,'Santosh','Ghuhe','Male','37','8793123345','ghuge.san@gmail.com','Social Volunteer','India','2022-06-01','','','','No','','No','','No','','0'),(51,'Sujit','Ghosh','Male','42','9862396494','sujittripura@gmail.com','Non smoker','India','2022-06-02','','','','No','','No','','No','','0'),(52,'Dr  Mansi','Oza','Female','27','8830597426','drmansioza1@gmail.com','Social Volunteer','India','2022-06-02','','','','No','','No','','No','','0'),(53,'Dr Vibha','Mevada','Female','31','9977277099','','Social Volunteer','India','2022-06-03','','','','No','','No','','No','','0'),(54,'Ajai','Tomar','Male','69','9482275398','icsajaitomar@gmail.com','Social Volunteer','India','2022-06-03','','','','No','','No','','No','','0'),(58,'Dr Khusboo','Muni','Female','25','9819344726','khusboomuni.km@gmail.com','Social Volunteer','India','2022-06-05','110.224.49.251  19.0728,72.8826','','','No','','No','','No','','0'),(59,'Saima','Shaikh','Female','23','7666189225','shaikh1999saima@gmail.com','Non smoker','India','2022-06-05','103.171.211.51  19.0728,72.8826','','','No','','No','','No','','0'),(62,'Dr Punya','','Female','','9677266392','punyanair29@yahoo.co.in','Social Volunteer','India','2022-06-06','49.37.217.184  12.8900,80.2313','','','No','','No','','No','','0'),(63,'Dr Ubaida','Shahid','Female','27','9682374437','ubaidaqureshi@gmail.c','Social Volunteer','India','2022-06-07','157.33.88.170  19.0728,72.8826','','','No','','No','','No','','0');
/*!40000 ALTER TABLE `ans_z8l3vak1` ENABLE KEYS */;
UNLOCK TABLES;

--
-- Table structure for table `assigned_tbl`
--

DROP TABLE IF EXISTS `assigned_tbl`;
/*!40101 SET @saved_cs_client     = @@character_set_client */;
/*!40101 SET character_set_client = utf8 */;
CREATE TABLE `assigned_tbl` (
  `id` int(11) NOT NULL AUTO_INCREMENT,
  `form_id` varchar(800) NOT NULL,
  `table_name` varchar(500) NOT NULL,
  `assigned_by` int(11) NOT NULL,
  `assigned_on` date NOT NULL DEFAULT current_timestamp(),
  PRIMARY KEY (`id`),
  KEY `conasigned_by` (`assigned_by`),
  CONSTRAINT `conasigned_by` FOREIGN KEY (`assigned_by`) REFERENCES `registration_tbl` (`id`) ON DELETE CASCADE
) ENGINE=InnoDB DEFAULT CHARSET=utf8mb4;
/*!40101 SET character_set_client = @saved_cs_client */;

--
-- Dumping data for table `assigned_tbl`
--

LOCK TABLES `assigned_tbl` WRITE;
/*!40000 ALTER TABLE `assigned_tbl` DISABLE KEYS */;
/*!40000 ALTER TABLE `assigned_tbl` ENABLE KEYS */;
UNLOCK TABLES;

--
-- Table structure for table `auth_group`
--

DROP TABLE IF EXISTS `auth_group`;
/*!40101 SET @saved_cs_client     = @@character_set_client */;
/*!40101 SET character_set_client = utf8 */;
CREATE TABLE `auth_group` (
  `id` int(11) NOT NULL AUTO_INCREMENT,
  `name` varchar(150) NOT NULL,
  PRIMARY KEY (`id`),
  UNIQUE KEY `name` (`name`)
) ENGINE=InnoDB DEFAULT CHARSET=latin1;
/*!40101 SET character_set_client = @saved_cs_client */;

--
-- Dumping data for table `auth_group`
--

LOCK TABLES `auth_group` WRITE;
/*!40000 ALTER TABLE `auth_group` DISABLE KEYS */;
/*!40000 ALTER TABLE `auth_group` ENABLE KEYS */;
UNLOCK TABLES;

--
-- Table structure for table `auth_group_permissions`
--

DROP TABLE IF EXISTS `auth_group_permissions`;
/*!40101 SET @saved_cs_client     = @@character_set_client */;
/*!40101 SET character_set_client = utf8 */;
CREATE TABLE `auth_group_permissions` (
  `id` bigint(20) NOT NULL AUTO_INCREMENT,
  `group_id` int(11) NOT NULL,
  `permission_id` int(11) NOT NULL,
  PRIMARY KEY (`id`),
  UNIQUE KEY `auth_group_permissions_group_id_permission_id_0cd325b0_uniq` (`group_id`,`permission_id`),
  KEY `auth_group_permissio_permission_id_84c5c92e_fk_auth_perm` (`permission_id`),
  CONSTRAINT `auth_group_permissio_permission_id_84c5c92e_fk_auth_perm` FOREIGN KEY (`permission_id`) REFERENCES `auth_permission` (`id`),
  CONSTRAINT `auth_group_permissions_group_id_b120cbf9_fk_auth_group_id` FOREIGN KEY (`group_id`) REFERENCES `auth_group` (`id`)
) ENGINE=InnoDB DEFAULT CHARSET=latin1;
/*!40101 SET character_set_client = @saved_cs_client */;

--
-- Dumping data for table `auth_group_permissions`
--

LOCK TABLES `auth_group_permissions` WRITE;
/*!40000 ALTER TABLE `auth_group_permissions` DISABLE KEYS */;
/*!40000 ALTER TABLE `auth_group_permissions` ENABLE KEYS */;
UNLOCK TABLES;

--
-- Table structure for table `auth_permission`
--

DROP TABLE IF EXISTS `auth_permission`;
/*!40101 SET @saved_cs_client     = @@character_set_client */;
/*!40101 SET character_set_client = utf8 */;
CREATE TABLE `auth_permission` (
  `id` int(11) NOT NULL AUTO_INCREMENT,
  `name` varchar(255) NOT NULL,
  `content_type_id` int(11) NOT NULL,
  `codename` varchar(100) NOT NULL,
  PRIMARY KEY (`id`),
  UNIQUE KEY `auth_permission_content_type_id_codename_01ab375a_uniq` (`content_type_id`,`codename`),
  CONSTRAINT `auth_permission_content_type_id_2f476e4b_fk_django_co` FOREIGN KEY (`content_type_id`) REFERENCES `django_content_type` (`id`)
) ENGINE=InnoDB AUTO_INCREMENT=109 DEFAULT CHARSET=latin1;
/*!40101 SET character_set_client = @saved_cs_client */;

--
-- Dumping data for table `auth_permission`
--

LOCK TABLES `auth_permission` WRITE;
/*!40000 ALTER TABLE `auth_permission` DISABLE KEYS */;
INSERT INTO `auth_permission` (`id`, `name`, `content_type_id`, `codename`) VALUES (1,'Can add model name',1,'add_modelname'),(2,'Can change model name',1,'change_modelname'),(3,'Can delete model name',1,'delete_modelname'),(4,'Can view model name',1,'view_modelname'),(5,'Can add file52',2,'add_file52'),(6,'Can change file52',2,'change_file52'),(7,'Can delete file52',2,'delete_file52'),(8,'Can view file52',2,'view_file52'),(9,'Can add file6',3,'add_file6'),(10,'Can change file6',3,'change_file6'),(11,'Can delete file6',3,'delete_file6'),(12,'Can view file6',3,'view_file6'),(13,'Can add file7',4,'add_file7'),(14,'Can change file7',4,'change_file7'),(15,'Can delete file7',4,'delete_file7'),(16,'Can view file7',4,'view_file7'),(17,'Can add file8',5,'add_file8'),(18,'Can change file8',5,'change_file8'),(19,'Can delete file8',5,'delete_file8'),(20,'Can view file8',5,'view_file8'),(21,'Can add file9',6,'add_file9'),(22,'Can change file9',6,'change_file9'),(23,'Can delete file9',6,'delete_file9'),(24,'Can view file9',6,'view_file9'),(25,'Can add file10',7,'add_file10'),(26,'Can change file10',7,'change_file10'),(27,'Can delete file10',7,'delete_file10'),(28,'Can view file10',7,'view_file10'),(29,'Can add log entry',8,'add_logentry'),(30,'Can change log entry',8,'change_logentry'),(31,'Can delete log entry',8,'delete_logentry'),(32,'Can view log entry',8,'view_logentry'),(33,'Can add permission',9,'add_permission'),(34,'Can change permission',9,'change_permission'),(35,'Can delete permission',9,'delete_permission'),(36,'Can view permission',9,'view_permission'),(37,'Can add group',10,'add_group'),(38,'Can change group',10,'change_group'),(39,'Can delete group',10,'delete_group'),(40,'Can view group',10,'view_group'),(41,'Can add user',11,'add_user'),(42,'Can change user',11,'change_user'),(43,'Can delete user',11,'delete_user'),(44,'Can view user',11,'view_user'),(45,'Can add content type',12,'add_contenttype'),(46,'Can change content type',12,'change_contenttype'),(47,'Can delete content type',12,'delete_contenttype'),(48,'Can view content type',12,'view_contenttype'),(49,'Can add session',13,'add_session'),(50,'Can change session',13,'change_session'),(51,'Can delete session',13,'delete_session'),(52,'Can view session',13,'view_session'),(53,'Can add master login',14,'add_masterlogin'),(54,'Can change master login',14,'change_masterlogin'),(55,'Can delete master login',14,'delete_masterlogin'),(56,'Can view master login',14,'view_masterlogin'),(57,'Can add tbl mapping',15,'add_tblmapping'),(58,'Can change tbl mapping',15,'change_tblmapping'),(59,'Can delete tbl mapping',15,'delete_tblmapping'),(60,'Can view tbl mapping',15,'view_tblmapping'),(61,'Can add registration tbl',16,'add_registrationtbl'),(62,'Can change registration tbl',16,'change_registrationtbl'),(63,'Can delete registration tbl',16,'delete_registrationtbl'),(64,'Can view registration tbl',16,'view_registrationtbl'),(65,'Can add Plan',17,'add_plantable'),(66,'Can change Plan',17,'change_plantable'),(67,'Can delete Plan',17,'delete_plantable'),(68,'Can view Plan',17,'view_plantable'),(69,'Can add Team Member',18,'add_teamatestable'),(70,'Can change Team Member',18,'change_teamatestable'),(71,'Can delete Team Member',18,'delete_teamatestable'),(72,'Can view Team Member',18,'view_teamatestable'),(73,'Can add notification',19,'add_notification'),(74,'Can change notification',19,'change_notification'),(75,'Can delete notification',19,'delete_notification'),(76,'Can view notification',19,'view_notification'),(77,'Can add Folder',20,'add_talenstsumofolder'),(78,'Can change Folder',20,'change_talenstsumofolder'),(79,'Can delete Folder',20,'delete_talenstsumofolder'),(80,'Can view Folder',20,'view_talenstsumofolder'),(81,'Can add Folder',21,'add_talenstsumotemplates'),(82,'Can change Folder',21,'change_talenstsumotemplates'),(83,'Can delete Folder',21,'delete_talenstsumotemplates'),(84,'Can view Folder',21,'view_talenstsumotemplates'),(85,'Can add completed task',22,'add_completedtask'),(86,'Can change completed task',22,'change_completedtask'),(87,'Can delete completed task',22,'delete_completedtask'),(88,'Can view completed task',22,'view_completedtask'),(89,'Can add task',23,'add_task'),(90,'Can change task',23,'change_task'),(91,'Can delete task',23,'delete_task'),(92,'Can view task',23,'view_task'),(93,'Can add Plan',24,'add_plantable'),(94,'Can change Plan',24,'change_plantable'),(95,'Can delete Plan',24,'delete_plantable'),(96,'Can view Plan',24,'view_plantable'),(97,'Can add Folder',25,'add_talenstsumofolder'),(98,'Can change Folder',25,'change_talenstsumofolder'),(99,'Can delete Folder',25,'delete_talenstsumofolder'),(100,'Can view Folder',25,'view_talenstsumofolder'),(101,'Can add Template',26,'add_talenstsumotemplates'),(102,'Can change Template',26,'change_talenstsumotemplates'),(103,'Can delete Template',26,'delete_talenstsumotemplates'),(104,'Can view Template',26,'view_talenstsumotemplates'),(105,'Can add Registered Users',27,'add_registrationtbl'),(106,'Can change Registered Users',27,'change_registrationtbl'),(107,'Can delete Registered Users',27,'delete_registrationtbl'),(108,'Can view Registered Users',27,'view_registrationtbl');
/*!40000 ALTER TABLE `auth_permission` ENABLE KEYS */;
UNLOCK TABLES;

--
-- Table structure for table `auth_user`
--

DROP TABLE IF EXISTS `auth_user`;
/*!40101 SET @saved_cs_client     = @@character_set_client */;
/*!40101 SET character_set_client = utf8 */;
CREATE TABLE `auth_user` (
  `id` int(11) NOT NULL AUTO_INCREMENT,
  `password` varchar(128) NOT NULL,
  `last_login` datetime(6) DEFAULT NULL,
  `is_superuser` tinyint(1) NOT NULL,
  `username` varchar(150) NOT NULL,
  `first_name` varchar(150) NOT NULL,
  `last_name` varchar(150) NOT NULL,
  `email` varchar(254) NOT NULL,
  `is_staff` tinyint(1) NOT NULL,
  `is_active` tinyint(1) NOT NULL,
  `date_joined` datetime(6) NOT NULL,
  PRIMARY KEY (`id`),
  UNIQUE KEY `username` (`username`)
) ENGINE=InnoDB AUTO_INCREMENT=6 DEFAULT CHARSET=latin1;
/*!40101 SET character_set_client = @saved_cs_client */;

--
-- Dumping data for table `auth_user`
--

LOCK TABLES `auth_user` WRITE;
/*!40000 ALTER TABLE `auth_user` DISABLE KEYS */;
INSERT INTO `auth_user` (`id`, `password`, `last_login`, `is_superuser`, `username`, `first_name`, `last_name`, `email`, `is_staff`, `is_active`, `date_joined`) VALUES (5,'pbkdf2_sha256$260000$sbBtk2KF3Qcc8ihbqNWNKu$8uNIRanVNTzVyBdMLM6fAJJaIwehAFeFYHE6NSQoNJs=','2022-03-01 09:15:42.934120',1,'admin','','','admin@gmail.com',1,1,'2022-03-01 09:08:01.330144');
/*!40000 ALTER TABLE `auth_user` ENABLE KEYS */;
UNLOCK TABLES;

--
-- Table structure for table `auth_user_groups`
--

DROP TABLE IF EXISTS `auth_user_groups`;
/*!40101 SET @saved_cs_client     = @@character_set_client */;
/*!40101 SET character_set_client = utf8 */;
CREATE TABLE `auth_user_groups` (
  `id` bigint(20) NOT NULL AUTO_INCREMENT,
  `user_id` int(11) NOT NULL,
  `group_id` int(11) NOT NULL,
  PRIMARY KEY (`id`),
  UNIQUE KEY `auth_user_groups_user_id_group_id_94350c0c_uniq` (`user_id`,`group_id`),
  KEY `auth_user_groups_group_id_97559544_fk_auth_group_id` (`group_id`),
  CONSTRAINT `auth_user_groups_group_id_97559544_fk_auth_group_id` FOREIGN KEY (`group_id`) REFERENCES `auth_group` (`id`),
  CONSTRAINT `auth_user_groups_user_id_6a12ed8b_fk_auth_user_id` FOREIGN KEY (`user_id`) REFERENCES `auth_user` (`id`)
) ENGINE=InnoDB DEFAULT CHARSET=latin1;
/*!40101 SET character_set_client = @saved_cs_client */;

--
-- Dumping data for table `auth_user_groups`
--

LOCK TABLES `auth_user_groups` WRITE;
/*!40000 ALTER TABLE `auth_user_groups` DISABLE KEYS */;
/*!40000 ALTER TABLE `auth_user_groups` ENABLE KEYS */;
UNLOCK TABLES;

--
-- Table structure for table `auth_user_user_permissions`
--

DROP TABLE IF EXISTS `auth_user_user_permissions`;
/*!40101 SET @saved_cs_client     = @@character_set_client */;
/*!40101 SET character_set_client = utf8 */;
CREATE TABLE `auth_user_user_permissions` (
  `id` bigint(20) NOT NULL AUTO_INCREMENT,
  `user_id` int(11) NOT NULL,
  `permission_id` int(11) NOT NULL,
  PRIMARY KEY (`id`),
  UNIQUE KEY `auth_user_user_permissions_user_id_permission_id_14a6b632_uniq` (`user_id`,`permission_id`),
  KEY `auth_user_user_permi_permission_id_1fbb5f2c_fk_auth_perm` (`permission_id`),
  CONSTRAINT `auth_user_user_permi_permission_id_1fbb5f2c_fk_auth_perm` FOREIGN KEY (`permission_id`) REFERENCES `auth_permission` (`id`),
  CONSTRAINT `auth_user_user_permissions_user_id_a95ead1b_fk_auth_user_id` FOREIGN KEY (`user_id`) REFERENCES `auth_user` (`id`)
) ENGINE=InnoDB DEFAULT CHARSET=latin1;
/*!40101 SET character_set_client = @saved_cs_client */;

--
-- Dumping data for table `auth_user_user_permissions`
--

LOCK TABLES `auth_user_user_permissions` WRITE;
/*!40000 ALTER TABLE `auth_user_user_permissions` DISABLE KEYS */;
/*!40000 ALTER TABLE `auth_user_user_permissions` ENABLE KEYS */;
UNLOCK TABLES;

--
-- Table structure for table `background_task`
--

DROP TABLE IF EXISTS `background_task`;
/*!40101 SET @saved_cs_client     = @@character_set_client */;
/*!40101 SET character_set_client = utf8 */;
CREATE TABLE `background_task` (
  `id` bigint(20) NOT NULL AUTO_INCREMENT,
  `task_name` varchar(190) NOT NULL,
  `task_params` longtext NOT NULL,
  `task_hash` varchar(40) NOT NULL,
  `verbose_name` varchar(255) DEFAULT NULL,
  `priority` int(11) NOT NULL,
  `run_at` datetime(6) NOT NULL,
  `repeat` bigint(20) NOT NULL,
  `repeat_until` datetime(6) DEFAULT NULL,
  `queue` varchar(190) DEFAULT NULL,
  `attempts` int(11) NOT NULL,
  `failed_at` datetime(6) DEFAULT NULL,
  `last_error` longtext NOT NULL,
  `locked_by` varchar(64) DEFAULT NULL,
  `locked_at` datetime(6) DEFAULT NULL,
  `creator_object_id` int(10) unsigned DEFAULT NULL CHECK (`creator_object_id` >= 0),
  `creator_content_type_id` int(11) DEFAULT NULL,
  PRIMARY KEY (`id`),
  KEY `background_task_creator_content_type_61cc9af3_fk_django_co` (`creator_content_type_id`),
  KEY `background_task_task_name_4562d56a` (`task_name`),
  KEY `background_task_task_hash_d8f233bd` (`task_hash`),
  KEY `background_task_priority_88bdbce9` (`priority`),
  KEY `background_task_run_at_7baca3aa` (`run_at`),
  KEY `background_task_queue_1d5f3a40` (`queue`),
  KEY `background_task_attempts_a9ade23d` (`attempts`),
  KEY `background_task_failed_at_b81bba14` (`failed_at`),
  KEY `background_task_locked_by_db7779e3` (`locked_by`),
  KEY `background_task_locked_at_0fb0f225` (`locked_at`),
  CONSTRAINT `background_task_creator_content_type_61cc9af3_fk_django_co` FOREIGN KEY (`creator_content_type_id`) REFERENCES `django_content_type` (`id`)
) ENGINE=InnoDB AUTO_INCREMENT=6 DEFAULT CHARSET=utf8mb4;
/*!40101 SET character_set_client = @saved_cs_client */;

--
-- Dumping data for table `background_task`
--

LOCK TABLES `background_task` WRITE;
/*!40000 ALTER TABLE `background_task` DISABLE KEYS */;
INSERT INTO `background_task` (`id`, `task_name`, `task_params`, `task_hash`, `verbose_name`, `priority`, `run_at`, `repeat`, `repeat_until`, `queue`, `attempts`, `failed_at`, `last_error`, `locked_by`, `locked_at`, `creator_object_id`, `creator_content_type_id`) VALUES (3,'interview.views.notify_user','[[\"1\"], {}]','36ad0bd878cd65dbaa8a7b5453ce20fc3b945549',NULL,0,'2022-02-27 11:12:17.272356',0,NULL,NULL,0,NULL,'',NULL,NULL,NULL,NULL),(4,'interview.views.notify_user','[[\"1\"], {}]','36ad0bd878cd65dbaa8a7b5453ce20fc3b945549',NULL,0,'2022-02-27 11:12:44.036887',0,NULL,NULL,0,NULL,'',NULL,NULL,NULL,NULL),(5,'interview.views.notify_user','[[\"1\"], {}]','36ad0bd878cd65dbaa8a7b5453ce20fc3b945549',NULL,0,'2022-02-27 11:13:36.795905',0,NULL,NULL,0,NULL,'',NULL,NULL,NULL,NULL);
/*!40000 ALTER TABLE `background_task` ENABLE KEYS */;
UNLOCK TABLES;

--
-- Table structure for table `django_admin_log`
--

DROP TABLE IF EXISTS `django_admin_log`;
/*!40101 SET @saved_cs_client     = @@character_set_client */;
/*!40101 SET character_set_client = utf8 */;
CREATE TABLE `django_admin_log` (
  `id` int(11) NOT NULL AUTO_INCREMENT,
  `action_time` datetime(6) NOT NULL,
  `object_id` longtext DEFAULT NULL,
  `object_repr` varchar(200) NOT NULL,
  `action_flag` smallint(5) unsigned NOT NULL CHECK (`action_flag` >= 0),
  `change_message` longtext NOT NULL,
  `content_type_id` int(11) DEFAULT NULL,
  `user_id` int(11) NOT NULL,
  PRIMARY KEY (`id`),
  KEY `django_admin_log_content_type_id_c4bce8eb_fk_django_co` (`content_type_id`),
  KEY `django_admin_log_user_id_c564eba6_fk_auth_user_id` (`user_id`),
  CONSTRAINT `django_admin_log_content_type_id_c4bce8eb_fk_django_co` FOREIGN KEY (`content_type_id`) REFERENCES `django_content_type` (`id`),
  CONSTRAINT `django_admin_log_user_id_c564eba6_fk_auth_user_id` FOREIGN KEY (`user_id`) REFERENCES `auth_user` (`id`)
) ENGINE=InnoDB AUTO_INCREMENT=75 DEFAULT CHARSET=latin1;
/*!40101 SET character_set_client = @saved_cs_client */;

--
-- Dumping data for table `django_admin_log`
--

LOCK TABLES `django_admin_log` WRITE;
/*!40000 ALTER TABLE `django_admin_log` DISABLE KEYS */;
/*!40000 ALTER TABLE `django_admin_log` ENABLE KEYS */;
UNLOCK TABLES;

--
-- Table structure for table `django_content_type`
--

DROP TABLE IF EXISTS `django_content_type`;
/*!40101 SET @saved_cs_client     = @@character_set_client */;
/*!40101 SET character_set_client = utf8 */;
CREATE TABLE `django_content_type` (
  `id` int(11) NOT NULL AUTO_INCREMENT,
  `app_label` varchar(100) NOT NULL,
  `model` varchar(100) NOT NULL,
  PRIMARY KEY (`id`),
  UNIQUE KEY `django_content_type_app_label_model_76bd3d3b_uniq` (`app_label`,`model`)
) ENGINE=InnoDB AUTO_INCREMENT=28 DEFAULT CHARSET=latin1;
/*!40101 SET character_set_client = @saved_cs_client */;

--
-- Dumping data for table `django_content_type`
--

LOCK TABLES `django_content_type` WRITE;
/*!40000 ALTER TABLE `django_content_type` DISABLE KEYS */;
INSERT INTO `django_content_type` (`id`, `app_label`, `model`) VALUES (8,'admin','logentry'),(10,'auth','group'),(9,'auth','permission'),(11,'auth','user'),(22,'background_task','completedtask'),(23,'background_task','task'),(12,'contenttypes','contenttype'),(7,'Interview','file10'),(2,'Interview','file52'),(3,'Interview','file6'),(4,'Interview','file7'),(5,'Interview','file8'),(6,'Interview','file9'),(14,'Interview','masterlogin'),(1,'Interview','modelname'),(17,'interview','plantable'),(16,'interview','registrationtbl'),(20,'interview','talenstsumofolder'),(21,'interview','talenstsumotemplates'),(15,'Interview','tblmapping'),(18,'interview','teamatestable'),(24,'InterviewApp','plantable'),(27,'InterviewApp','registrationtbl'),(25,'InterviewApp','talenstsumofolder'),(26,'InterviewApp','talenstsumotemplates'),(19,'notifications','notification'),(13,'sessions','session');
/*!40000 ALTER TABLE `django_content_type` ENABLE KEYS */;
UNLOCK TABLES;

--
-- Table structure for table `django_migrations`
--

DROP TABLE IF EXISTS `django_migrations`;
/*!40101 SET @saved_cs_client     = @@character_set_client */;
/*!40101 SET character_set_client = utf8 */;
CREATE TABLE `django_migrations` (
  `id` bigint(20) NOT NULL AUTO_INCREMENT,
  `app` varchar(255) NOT NULL,
  `name` varchar(255) NOT NULL,
  `applied` datetime(6) NOT NULL,
  PRIMARY KEY (`id`)
) ENGINE=InnoDB AUTO_INCREMENT=70 DEFAULT CHARSET=latin1;
/*!40101 SET character_set_client = @saved_cs_client */;

--
-- Dumping data for table `django_migrations`
--

LOCK TABLES `django_migrations` WRITE;
/*!40000 ALTER TABLE `django_migrations` DISABLE KEYS */;
INSERT INTO `django_migrations` (`id`, `app`, `name`, `applied`) VALUES (1,'contenttypes','0001_initial','2022-01-02 16:46:24.799134'),(2,'auth','0001_initial','2022-01-02 16:46:35.723180'),(3,'admin','0001_initial','2022-01-02 16:46:39.604295'),(4,'admin','0002_logentry_remove_auto_add','2022-01-02 16:46:39.615388'),(5,'admin','0003_logentry_add_action_flag_choices','2022-01-02 16:46:39.625449'),(6,'contenttypes','0002_remove_content_type_name','2022-01-02 16:46:39.692368'),(7,'auth','0002_alter_permission_name_max_length','2022-01-02 16:46:39.705421'),(8,'auth','0003_alter_user_email_max_length','2022-01-02 16:46:39.717551'),(9,'auth','0004_alter_user_username_opts','2022-01-02 16:46:39.726998'),(10,'auth','0005_alter_user_last_login_null','2022-01-02 16:46:39.751152'),(11,'auth','0006_require_contenttypes_0002','2022-01-02 16:46:39.753885'),(12,'auth','0007_alter_validators_add_error_messages','2022-01-02 16:46:39.766377'),(13,'auth','0008_alter_user_username_max_length','2022-01-02 16:46:39.784523'),(14,'auth','0009_alter_user_last_name_max_length','2022-01-02 16:46:39.802235'),(15,'auth','0010_alter_group_name_max_length','2022-01-02 16:46:39.820053'),(16,'auth','0011_update_proxy_permissions','2022-01-02 16:46:39.842047'),(17,'auth','0012_alter_user_first_name_max_length','2022-01-02 16:46:39.856744'),(18,'sessions','0001_initial','2022-01-02 16:46:42.053043'),(19,'interview','0001_initial','2022-02-15 07:37:36.213875'),(20,'interview','0002_alter_registrationtbl_registered_at','2022-02-15 07:50:15.196286'),(21,'interview','0003_auto_20220215_1636','2022-02-15 11:06:38.347244'),(22,'interview','0004_auto_20220215_1715','2022-02-15 11:45:38.411088'),(23,'interview','0005_auto_20220215_1800','2022-02-15 12:32:24.321462'),(24,'interview','0006_auto_20220215_1802','2022-02-15 12:32:25.199513'),(25,'interview','0007_auto_20220222_1118','2022-02-22 05:48:42.805089'),(26,'interview','0008_auto_20220222_1123','2022-02-22 05:58:13.417726'),(27,'interview','0009_auto_20220222_1123','2022-02-22 05:58:15.154826'),(28,'interview','0010_auto_20220222_1126','2022-02-22 05:58:15.964872'),(29,'interview','0011_auto_20220222_1126','2022-02-22 05:58:16.832922'),(30,'interview','0012_auto_20220222_1128','2022-02-22 05:58:17.460958'),(31,'interview','0013_auto_20220222_1238','2022-02-22 07:09:04.469873'),(32,'interview','0014_auto_20220224_1639','2022-02-24 11:10:07.322198'),(33,'notifications','0001_initial','2022-02-24 11:10:11.532439'),(34,'notifications','0002_auto_20150224_1134','2022-02-24 11:10:11.800455'),(35,'notifications','0003_notification_data','2022-02-24 11:10:11.909461'),(36,'notifications','0004_auto_20150826_1508','2022-02-24 11:10:11.948463'),(37,'notifications','0005_auto_20160504_1520','2022-02-24 11:10:12.008467'),(38,'notifications','0006_indexes','2022-02-24 11:10:13.182534'),(39,'notifications','0007_add_timestamp_index','2022-02-24 11:10:13.419547'),(40,'notifications','0008_index_together_recipient_unread','2022-02-24 11:10:13.672562'),(41,'notifications','0009_alter_notification_id','2022-02-24 11:10:15.637674'),(42,'interview','0015_auto_20220224_1651','2022-02-24 11:21:39.464787'),(43,'interview','0016_auto_20220225_2013','2022-02-25 14:43:15.172189'),(44,'interview','0017_auto_20220225_2015','2022-02-25 14:45:45.990816'),(45,'interview','0018_auto_20220225_2016','2022-02-25 14:46:58.048937'),(46,'interview','0019_auto_20220225_2051','2022-02-25 15:21:07.488158'),(47,'interview','0020_auto_20220225_2054','2022-02-25 15:24:33.260928'),(48,'interview','0021_auto_20220226_1258','2022-02-26 07:28:38.493369'),(49,'background_task','0001_initial','2022-02-27 11:03:47.494771'),(50,'background_task','0002_auto_20170927_1109','2022-02-27 11:03:47.604777'),(51,'background_task','0003_auto_20220227_1633','2022-02-27 11:03:50.755957'),(52,'interview','0022_auto_20220227_1633','2022-02-27 11:03:50.883965'),(53,'interview','0023_auto_20220227_1840','2022-02-27 13:37:55.415722'),(54,'InterviewApp','0001_initial','2022-02-27 16:23:28.919886'),(55,'InterviewApp','0002_auto_20220227_2134','2022-02-27 16:23:28.998890'),(56,'InterviewApp','0003_auto_20220227_2142','2022-02-27 16:23:29.159899'),(57,'InterviewApp','0004_auto_20220227_2143','2022-02-27 16:23:29.271906'),(58,'InterviewApp','0005_auto_20220227_2143','2022-02-27 16:23:29.331909'),(59,'InterviewApp','0006_auto_20220227_2153','2022-02-27 16:23:29.398913'),(60,'InterviewApp','0007_auto_20220227_2153','2022-02-27 16:23:45.703846'),(61,'InterviewApp','0002_auto_20220301_0817','2022-03-01 08:40:32.366703'),(62,'InterviewApp','0003_auto_20220301_0817','2022-03-01 08:40:32.392946'),(63,'InterviewApp','0004_auto_20220301_0840','2022-03-01 08:40:32.414023'),(64,'InterviewApp','0005_auto_20220301_0840','2022-03-01 08:40:52.760463'),(65,'InterviewApp','0002_auto_20220301_0847','2022-03-01 08:47:53.271700'),(66,'InterviewApp','0003_auto_20220301_0852','2022-03-01 08:53:10.073017'),(67,'InterviewApp','0004_auto_20220301_0853','2022-03-01 09:03:01.562782'),(68,'InterviewApp','0005_auto_20220301_0853','2022-03-01 09:03:01.581708'),(69,'InterviewApp','0006_auto_20220301_0858','2022-03-01 09:03:01.602490');
/*!40000 ALTER TABLE `django_migrations` ENABLE KEYS */;
UNLOCK TABLES;

--
-- Table structure for table `django_session`
--

DROP TABLE IF EXISTS `django_session`;
/*!40101 SET @saved_cs_client     = @@character_set_client */;
/*!40101 SET character_set_client = utf8 */;
CREATE TABLE `django_session` (
  `session_key` varchar(40) NOT NULL,
  `session_data` longtext NOT NULL,
  `expire_date` datetime(6) NOT NULL,
  PRIMARY KEY (`session_key`),
  KEY `django_session_expire_date_a5c62663` (`expire_date`)
) ENGINE=InnoDB DEFAULT CHARSET=latin1;
/*!40101 SET character_set_client = @saved_cs_client */;

--
-- Dumping data for table `django_session`
--

LOCK TABLES `django_session` WRITE;
/*!40000 ALTER TABLE `django_session` DISABLE KEYS */;
INSERT INTO `django_session` (`session_key`, `session_data`, `expire_date`) VALUES ('0oebpivlp3y1gu3beu4ndwjj4qipfzkf','.eJxVj7tuwzAMRX-l0BwYUf2olCkokKFDkwLtblxJZKzGlgM7Roei_14KyZBsxD2XB-SvarFcunaZaWpjUBul1eo-c_AnShmEb6TjWPgxXaboilwpbnQu3sdA_eut-yDoMHeyXZPXWDOcN03dVDqQtVyDYXzJHt6XAAI3VWXLF6NROkfBsKmYraHaiTTr9hhIbJ8_OCdIFtyb3GZW6qNHEvAVaXo6JBK0XwZHk9o8XzdzT5vrvBsQe2nHxOMsKrveHnMkzw3q7x9ykVrc:1nND0W:H5LptqYhB1gsCogf5gvuBPRBbGTRsG25YcnLgiiPplY','2022-03-10 12:14:04.611679'),('146nfx5pbok7b368mbnlt6x12ru81928','eyJ1c2VySWQiOjEsInVzZXJFbWFpbCI6ImFkbWluQHRhbGVudHN1bW8uY28ifQ:1n5plJ:d8ZE5XWFrmmamb0fKHFRAKnUD6WGe089WEkIHH59unQ','2022-01-21 13:58:33.622722'),('17ajl58f12pj5jwxoomj095i0k8e1z9h','.eJxVjk1vwjAQRP8KyhlFuPmo3RNC4sChUIneo7G9SwyJUyVEHCr-e9dqDu1tNW_mab-zBvO9beaJxib47C1T2fpvZuFuFBPwV8TLkLsh3sdg81TJFzrl74Onbrd0_wlaTK2sK3IKG4Z1uq7qUnkyhiswtCvYwbkCgOe6LE3xqhUKa8lr1iWz0VRZkSbdQT5R-vfe9widqEPkYXrgy2y2lxTJi_1SP6InaZyFRkjmbRLI_qNDFPAZaFydIgk6zr2lUewvzx8fz1sN:1nNxTu:tvQ1j-6_kidTTPjo43iYPre2t3Kr7m74pgjvZwcvRxg','2022-03-12 13:51:30.482292'),('26duiox19vxtqij2jdx1pba1rw5ia1gm','.eJxVjzsPwjAMhP8KylxVaR6kYUJIDAw8BvbKSdw20KaopWJA_HcSwQCbdff5fH6SCuZ7W80TjpV3ZEUYyX41A_aKIRnuAqEZcjuE--hNnpD86075fnDYbb7sX0ALUxu3JTCgggOTiktFCw1oFYqSKiZ0UdZSg3JWU8DaUKMsXQIXujSUC-Q10zHUmV3sITNy6iDEyLPHcXEMGK3D3BscyYplJB1NXME_87YH30Xah3qYHnDTdN0kKT7Sk9cbRX1RuQ:1nJyaJ:-Syw0-rK5QxanK0Y4VnQ1_C6YKR21Rj4LA-f6gQHnpQ','2022-03-01 14:13:39.911966'),('3h6eojk6ui8pe61evm57bfhpkubukego','eyJ1c2VySWQiOjEsInVzZXJFbWFpbCI6ImFkbWluQHRhbGVudHN1bW8uY28ifQ:1nI6vj:r4Nf4vHf3Q9h0Qr6vyuh1WJFv2XAM4doD2KHQ7vmX8E','2022-02-24 10:44:03.227002'),('4iw0pps43qw89hs0tlhyau5ulam2cjo9','.eJyrViotTi3yTFGyMjTWAbNdcxMzc5SslDLz0vKLyxMLLA0c0kFCesn5uUoQJX6JualAFcFA2bxEoFhKEsgAUx2lgJzEPKBESGZqkYJ_XipQyq80Nym1SMnKqBYAQjYh4Q:1nKiMZ:bEdyjJ1DfI37Kd3cCnu97mAxn3Fvr41iBlHjj3Ou3Vw','2022-03-03 15:06:31.422988'),('7ht585e5ddwzve2nw4p17238ugvynyhy','eyJ1c2VySWQiOjEsInVzZXJFbWFpbCI6ImFkbWluQHRhbGVudHN1bW8uY28ifQ:1nCmUJ:8mqgzu8ECWOch9il7BB957TuiOk4GXEblGsaATkHDIg','2022-02-09 17:53:43.568955'),('8tj98blffb0etdt0m0f9h24cx8go5q1d','.eJyrVkpJ8kxRsjLVUQrIScxTslIKyUwtUvDPS1XSUfIrzU1KLVKyMtJRKi1OLQKpMzSGsF1zEzNzgKoz89Lyi8sTCywNHNJBQnrJ-blKECV-ibmpQBXBQNm8RKVaANGFIeE:1nKNXw:rZrVZgAkIgqoZd7GRnq5Th5RZJgznfJ-Q9zsOTGTdX0','2022-03-02 16:52:52.014344'),('8wd3gv26skj6tqgboux746ob7n5c9sqf','eyJ1c2VySWQiOjEsInVzZXJFbWFpbCI6ImFkbWluQHRhbGVudHN1bW8uY28ifQ:1n5jrk:4oARgAJbW0JjPZ0Xy1U7XobyqlMMETd_6HvKPHNoJPI','2022-01-21 07:40:48.326342'),('98c3ubjakg7fd4lzjt08qyitpw7001wv','.eJxVjMsOgjAUBf-la9PUQuHWpXu-obmvCmpoQmFl_HclYaHbMzPnZRJu65i2qkuaxFxMMKffjZAfOu9A7jjfiuUyr8tEdlfsQasdiujzerh_ByPW8VuTl9i0TiH2OXedZ4gaMqhzJOzZKfY9tR7OEiBmhrbJgELsA0ci5837A_JzOHc:1nOybf:GSmFzvklMrP06puPo2g9Q0MV3SggvhI-tgZ8fDa5H0Q','2022-03-15 09:15:43.018465'),('cqq6gkbp17021x8620l1yd1pl1te2y79','eyJ1c2VySWQiOjEsInVzZXJFbWFpbCI6ImFkbWluQHRhbGVudHN1bW8uY28ifQ:1nBbF4:oN7kBFI53avQiwq6UBJmgBCKtTaQlP3SOxgVEbBSaug','2022-02-06 11:41:06.456832'),('dx44ys9k88gcqg9kpgi0kw0fiudjcrf6','eyJ1c2VySWQiOjEsInVzZXJFbWFpbCI6ImFkbWluQHRhbGVudHN1bW8uY28ifQ:1n9jjt:LSIj2E6LOF3aMD9JF3kUjohL8Mz-Hv4u5X_ohAVm-B4','2022-02-01 08:21:13.929371'),('hw8iayjv5olru1jv1x3ckxr4r8b0r9v2','eyJ1c2VySWQiOjEsInVzZXJFbWFpbCI6ImFkbWluQHRhbGVudHN1bW8uY28ifQ:1nBdsm:U9OFupUQy-GaVJFsjQUcvdwGezwXbK9_wg1IfFxmcNA','2022-02-06 14:30:16.903528'),('iz0i0rtudx4a5adry7byyukswnou25hw','eyJ1c2VySWQiOjEsInVzZXJFbWFpbCI6ImFkbWluQHRhbGVudHN1bW8uY28ifQ:1nCbQB:1xNQMhn0WSJejT-U0mWeYR1wRkDg825z6AG03_jpBrI','2022-02-09 06:04:43.815469'),('lyzp9nz8ccgwlvj8nngn8smk4c5ms6pp','.eJyrViotTi3yTFGyMrTQAbNdcxMzc5SslDLz0vKLyxMLLA0c0kFCesn5uUoQJX6JualAFcFA2bxEoFhKEsgAoP6AnMQ8oERIZmqRgn9eKlDKrzQ3KbVIycqoFgBEbiHp:1nN8KZ:T-SYnuhHKfvtE5KANw79mmnz3KrFfOaFG7ew5NqPhuY','2022-03-10 07:14:27.593452'),('o1y5lymd9bw297z1html60v99myh1nms','eyJ1c2VySWQiOjEsInVzZXJFbWFpbCI6ImFkbWluQHRhbGVudHN1bW8uY28ifQ:1n6Col:4lNDQNrj6dRcf6O3W7eJQQbwmpQdfe0Ybd1ya1sK98E','2022-01-22 14:35:39.612784'),('ou1a6nmzv7fwvhxwofkx0u5e43g2l3zz','.eJxVjr0OwiAUhd-F2ZBCuYJOxsTBwWdoLuVi0ZYmhU7GdxdiB91Ozs-X82Idrnno1kRLFxw7MsF2v57F_kmxBu6B8T7zfo55CZbXCt_SxG-zo_G8df8AA6ahrI1tNe6lso3SmqBp9QEBVe89NAKLFA5RGuVAGUBy0pIEg157q4CEL9CKu5Yn4isvE4axkNFNIZ4yjhRzWqf6kL0_EepHxA:1n5ZlI:YFD2RgTytKj_psMbTCwo_2FsonQBGLgYvMbmMbZpj_Y','2022-01-20 20:53:28.717534'),('pswibyctdkx4c5vxiiqed4vguxubjrxi','eyJ1c2VySWQiOjEsInVzZXJFbWFpbCI6ImFkbWluQHRhbGVudHN1bW8uY28ifQ:1nHHgn:pWV7NMv5C34AyNrWo1P_WCmbglH8dPn7QnO5g4byU-s','2022-02-22 04:01:13.599026'),('pzqy0q51nt8kwd57uwa7eo4w5dpuw48i','eyJ1c2VySWQiOjEsInVzZXJFbWFpbCI6ImFkbWluQHRhbGVudHN1bW8uY28ifQ:1n5ia7:axDWTWgPWHDqJLT3H8d-5anTAcwL8Ci2bjZhjUbz60Y','2022-01-21 06:18:31.256865'),('qs9usurekiqqbybx40fdwp9eqa2atj9d','eyJ1c2VySWQiOjEsInVzZXJFbWFpbCI6ImFkbWluQHRhbGVudHN1bW8uY28ifQ:1nFsWC:UKDloLnWZZPGUIx7NbluCAbYnSAuTV8js3zL4atApik','2022-02-18 06:56:28.720158'),('qzs6qhrp39wpjmg2ywthd80zzf04w6ae','.eJxVjMsOgjAUBf-la9PUQuHWpXu-obmvCmpoQmFl_HclYaHbMzPnZRJu65i2qkuaxFxMMKffjZAfOu9A7jjfiuUyr8tEdlfsQasdiujzerh_ByPW8VuTl9i0TiH2OXedZ4gaMqhzJOzZKfY9tR7OEiBmhrbJgELsA0ci5837A_JzOHc:1nOyUj:kgc4qcVn_XGlEfbkL642FuJ_LViyEuSh_VsnOh8QzwA','2022-03-15 09:08:33.298455'),('uojlq7zu55u8vc3bo8o5hrc7g46akd22','eyJ1c2VySWQiOjEsInVzZXJFbWFpbCI6ImFkbWluQHRhbGVudHN1bW8uY28ifQ:1nD7JB:utQ3oyOP3chpOzLMCsfZOq6ZNs3P4E4DNFEMc_174EY','2022-02-10 16:07:37.316918'),('v8ep4xzzgv8mewy4sr7h54ckiqes13y2','eyJ1c2VySWQiOjEsInVzZXJFbWFpbCI6ImFkbWluQHRhbGVudHN1bW8uY28ifQ:1nHkTg:rU0IQEHzYLwORSnx2HyfCZS7JYAglVw9aezhyltHJ9k','2022-02-23 10:45:36.800923'),('vv7s3whpjpovdii0hk8xpizsu7vnqvlq','.eJxVjstuwjAQRX-l8hpFcWwnMSuExIIFD6ndR-OxTQyJgxIiFoh_77jNot2N7rn3aF6sgfnRNvPkxiZYtmacrf5mBvDmYgL2CvEyZDjExxhMlirZQqfsMFjXbZfuP0ELU0traVQhKijB5l5XoL2XldYClOC1NZIjYF0hovRYCiU95KrkwIVGqAungKRJt6dPit9z10PoyByiH6Yn3HW-uaSIPuyX9hF6R41PojEZrPnZ8xU7dxCJfAU3fpyiI3ace-NGts7f3-15WT8:1nOMNM:xvFvoC8yjj_tih9lL3M9UfIe1UzhvXIUXyf0v_4AQow','2022-03-13 16:26:24.303917'),('wppm0wbc40j46j0dvetzr5vv5happebl','.eJxVj71qxDAQhF8lbG2MhX8iuQoHKa7IJZD0ZiTtnpWz5WCfSRHy7pHINdct880MOz-0b7yeMDP19P6NrwgqyNujp14X9DYhJvAReH14jZzQaZ8tr9RXBQ3Yr-OQ80NIdlJ0p1m4C8cM_CfieSndEq9rsGW2lDe6lS-L5-lw894VjNjGlG7ZKVQC63TXdo3ybIy0EGhXi4NzNQAvXdOY-lEr1Nay16IbEaO5tak01-VFSv_fzzPClKpDlGVLo031dM5SenGm3z8paFra:1nMQTM:8ov3VJ5exXUY_wXFnRWNikau0omesBMP6PWzzNAfvQA','2022-03-08 08:24:36.436086'),('xjvmsrs71kbmw9krh7n1ded1nhmqwh4q','eyJ1c2VySWQiOjEsInVzZXJFbWFpbCI6ImFkbWluQHRhbGVudHN1bW8uY28ifQ:1n5jne:zgQvODY-Jq1yyCFLaspMeJwmZbxx0sKX89RR2LH0eNw','2022-01-21 07:36:34.901790'),('xkuq9s4rei7z2p84bqaqwmmpvrj89k8u','eyJ1c2VySWQiOjEsInVzZXJFbWFpbCI6ImFkbWluQHRhbGVudHN1bW8uY28ifQ:1n9jgj:e_pfIL1eHPTYmKE4g62PNkxJa35R6X2wpkSe77F176g','2022-02-01 08:17:57.605867'),('xnh58t0c8pq6lthhcbl4vgmnwx3cn85i','eyJ1c2VySWQiOjEsInVzZXJFbWFpbCI6ImFkbWluQHRhbGVudHN1bW8uY28ifQ:1n9jnG:Gsx0Bd6w9in0VFSOupMqBW3Ym6_zmvLYfRdIlmH0TXY','2022-02-01 08:24:42.146513');
/*!40000 ALTER TABLE `django_session` ENABLE KEYS */;
UNLOCK TABLES;

--
-- Table structure for table `foldername`
--

DROP TABLE IF EXISTS `foldername`;
/*!40101 SET @saved_cs_client     = @@character_set_client */;
/*!40101 SET character_set_client = utf8 */;
CREATE TABLE `foldername` (
  `id` int(11) NOT NULL AUTO_INCREMENT,
  `folderName` varchar(500) NOT NULL,
  `created_on` date NOT NULL DEFAULT current_timestamp(),
  `user_Id` int(11) NOT NULL,
  PRIMARY KEY (`id`),
  KEY `conFol_userId` (`user_Id`),
  CONSTRAINT `conFol_userId` FOREIGN KEY (`user_Id`) REFERENCES `registration_tbl` (`id`) ON DELETE CASCADE
) ENGINE=InnoDB AUTO_INCREMENT=38 DEFAULT CHARSET=utf8mb4;
/*!40101 SET character_set_client = @saved_cs_client */;

--
-- Dumping data for table `foldername`
--

LOCK TABLES `foldername` WRITE;
/*!40000 ALTER TABLE `foldername` DISABLE KEYS */;
INSERT INTO `foldername` (`id`, `folderName`, `created_on`, `user_Id`) VALUES (29,'Default Folder','2022-05-20',70),(30,'Default Folder','2022-05-25',71),(31,'Default Folder','2022-05-25',72),(33,'trial','2022-05-26',71),(34,'Test 2','2022-05-27',72),(35,'Testing','2022-06-05',70),(36,'Testing 2','2022-06-06',70),(37,'Default Folder','2022-06-06',81);
/*!40000 ALTER TABLE `foldername` ENABLE KEYS */;
UNLOCK TABLES;

--
-- Table structure for table `form_column_mapping`
--

DROP TABLE IF EXISTS `form_column_mapping`;
/*!40101 SET @saved_cs_client     = @@character_set_client */;
/*!40101 SET character_set_client = utf8 */;
CREATE TABLE `form_column_mapping` (
  `id` int(11) NOT NULL AUTO_INCREMENT,
  `formid` varchar(500) NOT NULL,
  `tblName` varchar(500) NOT NULL,
  `name` varchar(500) NOT NULL,
  `email` varchar(500) NOT NULL,
  `review` varchar(500) NOT NULL,
  `nominee` varchar(500) NOT NULL,
  PRIMARY KEY (`id`)
) ENGINE=InnoDB AUTO_INCREMENT=58 DEFAULT CHARSET=latin1;
/*!40101 SET character_set_client = @saved_cs_client */;

--
-- Dumping data for table `form_column_mapping`
--

LOCK TABLES `form_column_mapping` WRITE;
/*!40000 ALTER TABLE `form_column_mapping` DISABLE KEYS */;
INSERT INTO `form_column_mapping` (`id`, `formid`, `tblName`, `name`, `email`, `review`, `nominee`) VALUES (35,'l2uO1DZX6C4KGZ0MJS1bS3EaZ8L3vAK1','ans_z8l3vak1','column_1','column_6','',''),(57,'9AexBC1BZLFcYSybinlVhBiQqTGGM03O','ans_qtggm03o','','','','');
/*!40000 ALTER TABLE `form_column_mapping` ENABLE KEYS */;
UNLOCK TABLES;

--
-- Table structure for table `formfields`
--

DROP TABLE IF EXISTS `formfields`;
/*!40101 SET @saved_cs_client     = @@character_set_client */;
/*!40101 SET character_set_client = utf8 */;
CREATE TABLE `formfields` (
  `id` int(11) NOT NULL AUTO_INCREMENT,
  `fieldName` varchar(200) DEFAULT NULL,
  `fieldData` text CHARACTER SET utf8mb4 COLLATE utf8mb4_unicode_ci DEFAULT NULL,
  `fieldsetData` text CHARACTER SET utf8mb4 COLLATE utf8mb4_unicode_ci DEFAULT NULL,
  `formid` int(11) NOT NULL,
  PRIMARY KEY (`id`),
  KEY `formid` (`formid`),
  CONSTRAINT `formfields_ibfk_1` FOREIGN KEY (`formid`) REFERENCES `forms_templates` (`id`) ON DELETE CASCADE
) ENGINE=InnoDB AUTO_INCREMENT=4602 DEFAULT CHARSET=latin1;
/*!40101 SET character_set_client = @saved_cs_client */;

--
-- Dumping data for table `formfields`
--

LOCK TABLES `formfields` WRITE;
/*!40000 ALTER TABLE `formfields` DISABLE KEYS */;
INSERT INTO `formfields` (`id`, `fieldName`, `fieldData`, `fieldsetData`, `formid`) VALUES (2443,'ques3','<li class=\"ques3\"><a class=\"lielement\" id=\"ques3\" onclick=\"elemclick(this.id);\" data-label=\"shortText\"><svg class=\"svg-inline--fa fa-i-cursor fa-w-8\" aria-hidden=\"true\" data-prefix=\"fas\" data-icon=\"i-cursor\" role=\"img\" xmlns=\"http://www.w3.org/2000/svg\" viewBox=\"0 0 256 512\" data-fa-i2svg=\"\"><path fill=\"currentColor\" d=\"M256 52.048V12.065C256 5.496 250.726.148 244.158.066 211.621-.344 166.469.011 128 37.959 90.266.736 46.979-.114 11.913.114 5.318.157 0 5.519 0 12.114v39.645c0 6.687 5.458 12.078 12.145 11.998C38.111 63.447 96 67.243 96 112.182V224H60c-6.627 0-12 5.373-12 12v40c0 6.627 5.373 12 12 12h36v112c0 44.932-56.075 48.031-83.95 47.959C5.404 447.942 0 453.306 0 459.952v39.983c0 6.569 5.274 11.917 11.842 11.999 32.537.409 77.689.054 116.158-37.894 37.734 37.223 81.021 38.073 116.087 37.845 6.595-.043 11.913-5.405 11.913-12V460.24c0-6.687-5.458-12.078-12.145-11.998C217.889 448.553 160 444.939 160 400V288h36c6.627 0 12-5.373 12-12v-40c0-6.627-5.373-12-12-12h-36V112.182c0-44.932 56.075-48.213 83.95-48.142 6.646.018 12.05-5.346 12.05-11.992z\"></path></svg><!-- <i class=\"fas fa-i-cursor\"></i> --><span class=\"count\">1 .</span><span class=\"linktext\"> </span></a> <a class=\"delicon\" onclick=\"deleteclick(this);\" data-label=\"fieldques3\" data-value=\"ques3\"><svg class=\"svg-inline--fa fa-trash-alt fa-w-14\" aria-hidden=\"true\" data-prefix=\"far\" data-icon=\"trash-alt\" role=\"img\" xmlns=\"http://www.w3.org/2000/svg\" viewBox=\"0 0 448 512\" data-fa-i2svg=\"\"><path fill=\"currentColor\" d=\"M192 188v216c0 6.627-5.373 12-12 12h-24c-6.627 0-12-5.373-12-12V188c0-6.627 5.373-12 12-12h24c6.627 0 12 5.373 12 12zm100-12h-24c-6.627 0-12 5.373-12 12v216c0 6.627 5.373 12 12 12h24c6.627 0 12-5.373 12-12V188c0-6.627-5.373-12-12-12zm132-96c13.255 0 24 10.745 24 24v12c0 6.627-5.373 12-12 12h-20v336c0 26.51-21.49 48-48 48H80c-26.51 0-48-21.49-48-48V128H12c-6.627 0-12-5.373-12-12v-12c0-13.255 10.745-24 24-24h74.411l34.018-56.696A48 48 0 0 1 173.589 0h100.823a48 48 0 0 1 41.16 23.304L349.589 80H424zm-269.611 0h139.223L276.16 50.913A6 6 0 0 0 271.015 48h-94.028a6 6 0 0 0-5.145 2.913L154.389 80zM368 128H80v330a6 6 0 0 0 6 6h276a6 6 0 0 0 6-6V128z\"></path></svg><!-- <i class=\"far fa-trash-alt\"></i> --></a><a class=\"dupicon\" onclick=\"duplicateclick(this);\" data-label=\"fieldques3\" data-value=\"ques3\"><svg class=\"svg-inline--fa fa-copy fa-w-14\" aria-hidden=\"true\" data-prefix=\"far\" data-icon=\"copy\" role=\"img\" xmlns=\"http://www.w3.org/2000/svg\" viewBox=\"0 0 448 512\" data-fa-i2svg=\"\"><path fill=\"currentColor\" d=\"M433.941 65.941l-51.882-51.882A48 48 0 0 0 348.118 0H176c-26.51 0-48 21.49-48 48v48H48c-26.51 0-48 21.49-48 48v320c0 26.51 21.49 48 48 48h224c26.51 0 48-21.49 48-48v-48h80c26.51 0 48-21.49 48-48V99.882a48 48 0 0 0-14.059-33.941zM266 464H54a6 6 0 0 1-6-6V150a6 6 0 0 1 6-6h74v224c0 26.51 21.49 48 48 48h96v42a6 6 0 0 1-6 6zm128-96H182a6 6 0 0 1-6-6V54a6 6 0 0 1 6-6h106v88c0 13.255 10.745 24 24 24h88v202a6 6 0 0 1-6 6zm6-256h-64V48h9.632c1.591 0 3.117.632 4.243 1.757l48.368 48.368a6 6 0 0 1 1.757 4.243V112z\"></path></svg><!-- <i class=\"far fa-copy\"></i> --></a></li>','<fieldset id=\"fieldques3\" data-type=\"shortText\" data-fieldname=\"@shortTextshortText\" data-fieldvalue=\"\" data-v-a=\"false\" data-formlock=\"false\" style=\"display: none;\"><p>	<button class=\"removeButton btn-prev hidden\" type=\"button\" aria-controls=\"step-0\" prev-controls=\"step-0\" onclick=\"prevbtnclick(this);\" aria-hidden=\"true\"><svg class=\"svg-inline--fa fa-arrow-alt-circle-up fa-w-16\" aria-hidden=\"true\" data-prefix=\"far\" data-icon=\"arrow-alt-circle-up\" role=\"img\" xmlns=\"http://www.w3.org/2000/svg\" viewBox=\"0 0 512 512\" data-fa-i2svg=\"\"><path fill=\"currentColor\" d=\"M256 504c137 0 248-111 248-248S393 8 256 8 8 119 8 256s111 248 248 248zm0-448c110.5 0 200 89.5 200 200s-89.5 200-200 200S56 366.5 56 256 145.5 56 256 56zm20 328h-40c-6.6 0-12-5.4-12-12V256h-67c-10.7 0-16-12.9-8.5-20.5l99-99c4.7-4.7 12.3-4.7 17 0l99 99c7.6 7.6 2.2 20.5-8.5 20.5h-67v116c0 6.6-5.4 12-12 12z\"></path></svg><!-- <i class=\"far fa-arrow-alt-circle-up\"></i> -->Return</button></p><p></p><div class=\"lbl\"><span> </span></div><div class=\"lbla_v\" style=\"display:none;\"><iframe src=\"\" class=\"displaynone\"></iframe></div><input class=\"form-control input\" type=\"text\" data-type=\"text\" onchange=\"inputonChange(this)\" onkeypress=\"inputonkeypress(this)\"><div class=\"supportlbl\"><span></span></div><p></p><p class=\"controls\" aria-hidden=\"false\"><button class=\"nextButton btn-next\" type=\"button\" aria-controls=\"fieldques4\" next-controls=\"fieldques4\" onclick=\"nextbtnclick(this);\">Next</button><button class=\"btn btn-default btn-enter\" type=\"button\" aria-controls=\"fieldques4\" next-controls=\"fieldques4\" onclick=\"enterbtnclick(this);\">Press <span class=\"f-string-em\">Enter</span></button></p></fieldset>',345),(2444,'ques4','<li class=\"ques4\"><a class=\"lielement\" id=\"ques4\" onclick=\"elemclick(this.id);\" data-label=\"shortText\"><svg class=\"svg-inline--fa fa-i-cursor fa-w-8\" aria-hidden=\"true\" data-prefix=\"fas\" data-icon=\"i-cursor\" role=\"img\" xmlns=\"http://www.w3.org/2000/svg\" viewBox=\"0 0 256 512\" data-fa-i2svg=\"\"><path fill=\"currentColor\" d=\"M256 52.048V12.065C256 5.496 250.726.148 244.158.066 211.621-.344 166.469.011 128 37.959 90.266.736 46.979-.114 11.913.114 5.318.157 0 5.519 0 12.114v39.645c0 6.687 5.458 12.078 12.145 11.998C38.111 63.447 96 67.243 96 112.182V224H60c-6.627 0-12 5.373-12 12v40c0 6.627 5.373 12 12 12h36v112c0 44.932-56.075 48.031-83.95 47.959C5.404 447.942 0 453.306 0 459.952v39.983c0 6.569 5.274 11.917 11.842 11.999 32.537.409 77.689.054 116.158-37.894 37.734 37.223 81.021 38.073 116.087 37.845 6.595-.043 11.913-5.405 11.913-12V460.24c0-6.687-5.458-12.078-12.145-11.998C217.889 448.553 160 444.939 160 400V288h36c6.627 0 12-5.373 12-12v-40c0-6.627-5.373-12-12-12h-36V112.182c0-44.932 56.075-48.213 83.95-48.142 6.646.018 12.05-5.346 12.05-11.992z\"></path></svg><!-- <i class=\"fas fa-i-cursor\"></i> --><span class=\"count\">2 .</span><span class=\"linktext\"></span></a> <a class=\"delicon\" onclick=\"deleteclick(this);\" data-label=\"fieldques4\" data-value=\"ques4\"><svg class=\"svg-inline--fa fa-trash-alt fa-w-14\" aria-hidden=\"true\" data-prefix=\"far\" data-icon=\"trash-alt\" role=\"img\" xmlns=\"http://www.w3.org/2000/svg\" viewBox=\"0 0 448 512\" data-fa-i2svg=\"\"><path fill=\"currentColor\" d=\"M192 188v216c0 6.627-5.373 12-12 12h-24c-6.627 0-12-5.373-12-12V188c0-6.627 5.373-12 12-12h24c6.627 0 12 5.373 12 12zm100-12h-24c-6.627 0-12 5.373-12 12v216c0 6.627 5.373 12 12 12h24c6.627 0 12-5.373 12-12V188c0-6.627-5.373-12-12-12zm132-96c13.255 0 24 10.745 24 24v12c0 6.627-5.373 12-12 12h-20v336c0 26.51-21.49 48-48 48H80c-26.51 0-48-21.49-48-48V128H12c-6.627 0-12-5.373-12-12v-12c0-13.255 10.745-24 24-24h74.411l34.018-56.696A48 48 0 0 1 173.589 0h100.823a48 48 0 0 1 41.16 23.304L349.589 80H424zm-269.611 0h139.223L276.16 50.913A6 6 0 0 0 271.015 48h-94.028a6 6 0 0 0-5.145 2.913L154.389 80zM368 128H80v330a6 6 0 0 0 6 6h276a6 6 0 0 0 6-6V128z\"></path></svg><!-- <i class=\"far fa-trash-alt\"></i> --></a><a class=\"dupicon\" onclick=\"duplicateclick(this);\" data-label=\"fieldques4\" data-value=\"ques4\"><svg class=\"svg-inline--fa fa-copy fa-w-14\" aria-hidden=\"true\" data-prefix=\"far\" data-icon=\"copy\" role=\"img\" xmlns=\"http://www.w3.org/2000/svg\" viewBox=\"0 0 448 512\" data-fa-i2svg=\"\"><path fill=\"currentColor\" d=\"M433.941 65.941l-51.882-51.882A48 48 0 0 0 348.118 0H176c-26.51 0-48 21.49-48 48v48H48c-26.51 0-48 21.49-48 48v320c0 26.51 21.49 48 48 48h224c26.51 0 48-21.49 48-48v-48h80c26.51 0 48-21.49 48-48V99.882a48 48 0 0 0-14.059-33.941zM266 464H54a6 6 0 0 1-6-6V150a6 6 0 0 1 6-6h74v224c0 26.51 21.49 48 48 48h96v42a6 6 0 0 1-6 6zm128-96H182a6 6 0 0 1-6-6V54a6 6 0 0 1 6-6h106v88c0 13.255 10.745 24 24 24h88v202a6 6 0 0 1-6 6zm6-256h-64V48h9.632c1.591 0 3.117.632 4.243 1.757l48.368 48.368a6 6 0 0 1 1.757 4.243V112z\"></path></svg><!-- <i class=\"far fa-copy\"></i> --></a></li>','<fieldset id=\"fieldques4\" data-type=\"shortText\" data-fieldname=\"@shortTextshortText\" data-fieldvalue=\"\" data-v-a=\"false\" data-formlock=\"false\" style=\"display: none;\"><p>	<button class=\"removeButton btn-prev\" type=\"button\" aria-controls=\"fieldques3\" prev-controls=\"fieldques4\" onclick=\"prevbtnclick(this);\"><svg class=\"svg-inline--fa fa-arrow-alt-circle-up fa-w-16\" aria-hidden=\"true\" data-prefix=\"far\" data-icon=\"arrow-alt-circle-up\" role=\"img\" xmlns=\"http://www.w3.org/2000/svg\" viewBox=\"0 0 512 512\" data-fa-i2svg=\"\"><path fill=\"currentColor\" d=\"M256 504c137 0 248-111 248-248S393 8 256 8 8 119 8 256s111 248 248 248zm0-448c110.5 0 200 89.5 200 200s-89.5 200-200 200S56 366.5 56 256 145.5 56 256 56zm20 328h-40c-6.6 0-12-5.4-12-12V256h-67c-10.7 0-16-12.9-8.5-20.5l99-99c4.7-4.7 12.3-4.7 17 0l99 99c7.6 7.6 2.2 20.5-8.5 20.5h-67v116c0 6.6-5.4 12-12 12z\"></path></svg><!-- <i class=\"far fa-arrow-alt-circle-up\"></i> -->Return</button></p><p></p><div class=\"lbl\"><span></span></div><div class=\"lbla_v\" style=\"display:none;\"><iframe src=\"\" class=\"displaynone\"></iframe></div><input class=\"form-control input\" type=\"text\" data-type=\"text\" onchange=\"inputonChange(this)\" onkeypress=\"inputonkeypress(this)\"><div class=\"supportlbl\"><span></span></div><p></p><p class=\"controls\" aria-hidden=\"false\"><button class=\"nextButton btn-next\" type=\"button\" aria-controls=\"fieldques5\" next-controls=\"fieldques5\" onclick=\"nextbtnclick(this);\">Next</button><button class=\"btn btn-default btn-enter\" type=\"button\" aria-controls=\"fieldques5\" next-controls=\"fieldques5\" onclick=\"enterbtnclick(this);\">Press <span class=\"f-string-em\">Enter</span></button></p></fieldset>',345),(2445,'ques5','<li class=\"ques5\"><a class=\"lielement\" id=\"ques5\" onclick=\"elemclick(this.id);\" data-label=\"singleChoice\"><svg class=\"svg-inline--fa fa-check-circle fa-w-16\" aria-hidden=\"true\" data-prefix=\"fas\" data-icon=\"check-circle\" role=\"img\" xmlns=\"http://www.w3.org/2000/svg\" viewBox=\"0 0 512 512\" data-fa-i2svg=\"\"><path fill=\"currentColor\" d=\"M504 256c0 136.967-111.033 248-248 248S8 392.967 8 256 119.033 8 256 8s248 111.033 248 248zM227.314 387.314l184-184c6.248-6.248 6.248-16.379 0-22.627l-22.627-22.627c-6.248-6.249-16.379-6.249-22.628 0L216 308.118l-70.059-70.059c-6.248-6.248-16.379-6.248-22.628 0l-22.627 22.627c-6.248 6.248-6.248 16.379 0 22.627l104 104c6.249 6.249 16.379 6.249 22.628.001z\"></path></svg><!-- <i class=\"fas fa-check-circle\"></i> --><span class=\"count\">3 .</span><span class=\"linktext\">Gender</span></a> <a class=\"delicon\" onclick=\"deleteclick(this);\" data-label=\"fieldques5\" data-value=\"ques5\"><svg class=\"svg-inline--fa fa-trash-alt fa-w-14\" aria-hidden=\"true\" data-prefix=\"far\" data-icon=\"trash-alt\" role=\"img\" xmlns=\"http://www.w3.org/2000/svg\" viewBox=\"0 0 448 512\" data-fa-i2svg=\"\"><path fill=\"currentColor\" d=\"M192 188v216c0 6.627-5.373 12-12 12h-24c-6.627 0-12-5.373-12-12V188c0-6.627 5.373-12 12-12h24c6.627 0 12 5.373 12 12zm100-12h-24c-6.627 0-12 5.373-12 12v216c0 6.627 5.373 12 12 12h24c6.627 0 12-5.373 12-12V188c0-6.627-5.373-12-12-12zm132-96c13.255 0 24 10.745 24 24v12c0 6.627-5.373 12-12 12h-20v336c0 26.51-21.49 48-48 48H80c-26.51 0-48-21.49-48-48V128H12c-6.627 0-12-5.373-12-12v-12c0-13.255 10.745-24 24-24h74.411l34.018-56.696A48 48 0 0 1 173.589 0h100.823a48 48 0 0 1 41.16 23.304L349.589 80H424zm-269.611 0h139.223L276.16 50.913A6 6 0 0 0 271.015 48h-94.028a6 6 0 0 0-5.145 2.913L154.389 80zM368 128H80v330a6 6 0 0 0 6 6h276a6 6 0 0 0 6-6V128z\"></path></svg><!-- <i class=\"far fa-trash-alt\"></i> --></a><a class=\"dupicon\" onclick=\"duplicateclick(this);\" data-label=\"fieldques5\" data-value=\"ques5\"><svg class=\"svg-inline--fa fa-copy fa-w-14\" aria-hidden=\"true\" data-prefix=\"far\" data-icon=\"copy\" role=\"img\" xmlns=\"http://www.w3.org/2000/svg\" viewBox=\"0 0 448 512\" data-fa-i2svg=\"\"><path fill=\"currentColor\" d=\"M433.941 65.941l-51.882-51.882A48 48 0 0 0 348.118 0H176c-26.51 0-48 21.49-48 48v48H48c-26.51 0-48 21.49-48 48v320c0 26.51 21.49 48 48 48h224c26.51 0 48-21.49 48-48v-48h80c26.51 0 48-21.49 48-48V99.882a48 48 0 0 0-14.059-33.941zM266 464H54a6 6 0 0 1-6-6V150a6 6 0 0 1 6-6h74v224c0 26.51 21.49 48 48 48h96v42a6 6 0 0 1-6 6zm128-96H182a6 6 0 0 1-6-6V54a6 6 0 0 1 6-6h106v88c0 13.255 10.745 24 24 24h88v202a6 6 0 0 1-6 6zm6-256h-64V48h9.632c1.591 0 3.117.632 4.243 1.757l48.368 48.368a6 6 0 0 1 1.757 4.243V112z\"></path></svg><!-- <i class=\"far fa-copy\"></i> --></a></li>','<fieldset id=\"fieldques5\" data-type=\"singleChoice\" data-fieldname=\"@singleChoicesingleChoice\" data-fieldvalue=\"\" default-val=\"1\" data-v-a=\"false\" data-formlock=\"false\" data-scoreobject=\"\" style=\"display: none;\"><p>	<button class=\"removeButton btn-prev\" type=\"button\" aria-controls=\"fieldques4\" prev-controls=\"fieldques4\" onclick=\"prevbtnclick(this);\"><svg class=\"svg-inline--fa fa-arrow-alt-circle-up fa-w-16\" aria-hidden=\"true\" data-prefix=\"far\" data-icon=\"arrow-alt-circle-up\" role=\"img\" xmlns=\"http://www.w3.org/2000/svg\" viewBox=\"0 0 512 512\" data-fa-i2svg=\"\"><path fill=\"currentColor\" d=\"M256 504c137 0 248-111 248-248S393 8 256 8 8 119 8 256s111 248 248 248zm0-448c110.5 0 200 89.5 200 200s-89.5 200-200 200S56 366.5 56 256 145.5 56 256 56zm20 328h-40c-6.6 0-12-5.4-12-12V256h-67c-10.7 0-16-12.9-8.5-20.5l99-99c4.7-4.7 12.3-4.7 17 0l99 99c7.6 7.6 2.2 20.5-8.5 20.5h-67v116c0 6.6-5.4 12-12 12z\"></path></svg><!-- <i class=\"far fa-arrow-alt-circle-up\"></i> -->Return</button></p><p></p><div class=\"lbl\"><span>Gender</span></div><div class=\"lbla_v\" style=\"display:none;\"><iframe src=\"\" class=\"displaynone\"></iframe> </div><div class=\"radiochoice\" data-assign=\"false\" data-default=\"0\" data-reason=\"\"><div class=\"p-2 rounded radio-form\"><div class=\"form-radio\"> <input class=\"form-radio-input\" type=\"radio\" name=\"singlch5\" data-type=\"choice\" value=\"Male\" id=\"singlch51\" onchange=\"inputonChange(this)\" onkeypress=\"inputonkeypress(this)\"> <label class=\"form-radio-label\" for=\"singlch51\"> Male</label> </div></div><div class=\"p-2 rounded radio-form\"><div class=\"form-radio\"> <input class=\"form-radio-input\" type=\"radio\" name=\"singlch5\" data-type=\"choice\" value=\"Female\" id=\"singlch52\" onchange=\"inputonChange(this)\" onkeypress=\"inputonkeypress(this)\"> <label class=\"form-radio-label\" for=\"singlch52\"> Female</label> </div></div></div><div class=\"supportlbl\"><input type=\"hidden\" class=\"singlehidden\" value=\"\"><span></span></div><p></p><p class=\"controls\" aria-hidden=\"false\"><button class=\"nextButton btn-next\" type=\"button\" aria-controls=\"fieldques6\" next-controls=\"fieldques6\" onclick=\"nextbtnclick(this);\">Next</button><button class=\"btn btn-default btn-enter\" type=\"button\" aria-controls=\"fieldques6\" next-controls=\"fieldques6\" onclick=\"enterbtnclick(this);\">Press <span class=\"f-string-em\">Enter</span></button></p></fieldset>',345),(2446,'ques6','<li class=\"ques6\"><a class=\"lielement\" id=\"ques6\" onclick=\"elemclick(this.id);\" data-label=\"numberField\"><svg class=\"svg-inline--fa fa-hashtag fa-w-14\" aria-hidden=\"true\" data-prefix=\"fas\" data-icon=\"hashtag\" role=\"img\" xmlns=\"http://www.w3.org/2000/svg\" viewBox=\"0 0 448 512\" data-fa-i2svg=\"\"><path fill=\"currentColor\" d=\"M440.667 182.109l7.143-40c1.313-7.355-4.342-14.109-11.813-14.109h-74.81l14.623-81.891C377.123 38.754 371.468 32 363.997 32h-40.632a12 12 0 0 0-11.813 9.891L296.175 128H197.54l14.623-81.891C213.477 38.754 207.822 32 200.35 32h-40.632a12 12 0 0 0-11.813 9.891L132.528 128H53.432a12 12 0 0 0-11.813 9.891l-7.143 40C33.163 185.246 38.818 192 46.289 192h74.81L98.242 320H19.146a12 12 0 0 0-11.813 9.891l-7.143 40C-1.123 377.246 4.532 384 12.003 384h74.81L72.19 465.891C70.877 473.246 76.532 480 84.003 480h40.632a12 12 0 0 0 11.813-9.891L151.826 384h98.634l-14.623 81.891C234.523 473.246 240.178 480 247.65 480h40.632a12 12 0 0 0 11.813-9.891L315.472 384h79.096a12 12 0 0 0 11.813-9.891l7.143-40c1.313-7.355-4.342-14.109-11.813-14.109h-74.81l22.857-128h79.096a12 12 0 0 0 11.813-9.891zM261.889 320h-98.634l22.857-128h98.634l-22.857 128z\"></path></svg><!-- <i class=\"fas fa-hashtag\"></i> --><span class=\"count\">4 .</span><span class=\"linktext\">Age</span></a> <a class=\"delicon\" onclick=\"deleteclick(this);\" data-label=\"fieldques6\" data-value=\"ques6\"><svg class=\"svg-inline--fa fa-trash-alt fa-w-14\" aria-hidden=\"true\" data-prefix=\"far\" data-icon=\"trash-alt\" role=\"img\" xmlns=\"http://www.w3.org/2000/svg\" viewBox=\"0 0 448 512\" data-fa-i2svg=\"\"><path fill=\"currentColor\" d=\"M192 188v216c0 6.627-5.373 12-12 12h-24c-6.627 0-12-5.373-12-12V188c0-6.627 5.373-12 12-12h24c6.627 0 12 5.373 12 12zm100-12h-24c-6.627 0-12 5.373-12 12v216c0 6.627 5.373 12 12 12h24c6.627 0 12-5.373 12-12V188c0-6.627-5.373-12-12-12zm132-96c13.255 0 24 10.745 24 24v12c0 6.627-5.373 12-12 12h-20v336c0 26.51-21.49 48-48 48H80c-26.51 0-48-21.49-48-48V128H12c-6.627 0-12-5.373-12-12v-12c0-13.255 10.745-24 24-24h74.411l34.018-56.696A48 48 0 0 1 173.589 0h100.823a48 48 0 0 1 41.16 23.304L349.589 80H424zm-269.611 0h139.223L276.16 50.913A6 6 0 0 0 271.015 48h-94.028a6 6 0 0 0-5.145 2.913L154.389 80zM368 128H80v330a6 6 0 0 0 6 6h276a6 6 0 0 0 6-6V128z\"></path></svg><!-- <i class=\"far fa-trash-alt\"></i> --></a><a class=\"dupicon\" onclick=\"duplicateclick(this);\" data-label=\"fieldques6\" data-value=\"ques6\"><svg class=\"svg-inline--fa fa-copy fa-w-14\" aria-hidden=\"true\" data-prefix=\"far\" data-icon=\"copy\" role=\"img\" xmlns=\"http://www.w3.org/2000/svg\" viewBox=\"0 0 448 512\" data-fa-i2svg=\"\"><path fill=\"currentColor\" d=\"M433.941 65.941l-51.882-51.882A48 48 0 0 0 348.118 0H176c-26.51 0-48 21.49-48 48v48H48c-26.51 0-48 21.49-48 48v320c0 26.51 21.49 48 48 48h224c26.51 0 48-21.49 48-48v-48h80c26.51 0 48-21.49 48-48V99.882a48 48 0 0 0-14.059-33.941zM266 464H54a6 6 0 0 1-6-6V150a6 6 0 0 1 6-6h74v224c0 26.51 21.49 48 48 48h96v42a6 6 0 0 1-6 6zm128-96H182a6 6 0 0 1-6-6V54a6 6 0 0 1 6-6h106v88c0 13.255 10.745 24 24 24h88v202a6 6 0 0 1-6 6zm6-256h-64V48h9.632c1.591 0 3.117.632 4.243 1.757l48.368 48.368a6 6 0 0 1 1.757 4.243V112z\"></path></svg><!-- <i class=\"far fa-copy\"></i> --></a></li>','<fieldset id=\"fieldques6\" data-type=\"numberField\" data-fieldname=\"@numberFieldnumberField\" data-fieldvalue=\"\" data-v-a=\"false\" data-formlock=\"false\" style=\"display: none;\"><p>	<button class=\"removeButton btn-prev\" type=\"button\" aria-controls=\"fieldques5\" prev-controls=\"fieldques5\" onclick=\"prevbtnclick(this);\"><svg class=\"svg-inline--fa fa-arrow-alt-circle-up fa-w-16\" aria-hidden=\"true\" data-prefix=\"far\" data-icon=\"arrow-alt-circle-up\" role=\"img\" xmlns=\"http://www.w3.org/2000/svg\" viewBox=\"0 0 512 512\" data-fa-i2svg=\"\"><path fill=\"currentColor\" d=\"M256 504c137 0 248-111 248-248S393 8 256 8 8 119 8 256s111 248 248 248zm0-448c110.5 0 200 89.5 200 200s-89.5 200-200 200S56 366.5 56 256 145.5 56 256 56zm20 328h-40c-6.6 0-12-5.4-12-12V256h-67c-10.7 0-16-12.9-8.5-20.5l99-99c4.7-4.7 12.3-4.7 17 0l99 99c7.6 7.6 2.2 20.5-8.5 20.5h-67v116c0 6.6-5.4 12-12 12z\"></path></svg><!-- <i class=\"far fa-arrow-alt-circle-up\"></i> -->Return</button></p><p></p><div class=\"lbl\"><span>Age</span></div><div class=\"lbla_v\" style=\"display:none;\"><iframe src=\"\" class=\"displaynone\"></iframe> </div><input class=\"form-control number\" onkeydown=\"preventkeys(event)\" type=\"number\" data-type=\"number\" onchange=\"inputonChange(this)\" onkeypress=\"inputonkeypress(this)\" max=\"85\" min=\"0\"><div class=\"supportlbl\"><span></span></div><p></p><p class=\"controls\" aria-hidden=\"false\"><button class=\"nextButton btn-next\" type=\"button\" aria-controls=\"fieldques7\" next-controls=\"fieldques7\" onclick=\"nextbtnclick(this);\">Next</button><button class=\"btn btn-default btn-enter\" type=\"button\" aria-controls=\"fieldques7\" next-controls=\"fieldques7\" onclick=\"enterbtnclick(this);\">Press <span class=\"f-string-em\">Enter</span></button></p></fieldset>',345),(2447,'ques7','<li class=\"ques7\"><a class=\"lielement\" id=\"ques7\" onclick=\"elemclick(this.id);\" data-label=\"phoneNumber\"><svg class=\"svg-inline--fa fa-phone fa-w-16\" aria-hidden=\"true\" data-prefix=\"fas\" data-icon=\"phone\" role=\"img\" xmlns=\"http://www.w3.org/2000/svg\" viewBox=\"0 0 512 512\" data-fa-i2svg=\"\"><path fill=\"currentColor\" d=\"M493.4 24.6l-104-24c-11.3-2.6-22.9 3.3-27.5 13.9l-48 112c-4.2 9.8-1.4 21.3 6.9 28l60.6 49.6c-36 76.7-98.9 140.5-177.2 177.2l-49.6-60.6c-6.8-8.3-18.2-11.1-28-6.9l-112 48C3.9 366.5-2 378.1.6 389.4l24 104C27.1 504.2 36.7 512 48 512c256.1 0 464-207.5 464-464 0-11.2-7.7-20.9-18.6-23.4z\"></path></svg><!-- <i class=\"fas fa-phone\"></i> --><span class=\"count\">5 .</span><span class=\"linktext\"></span></a> <a class=\"delicon\" onclick=\"deleteclick(this);\" data-label=\"fieldques7\" data-value=\"ques7\"><svg class=\"svg-inline--fa fa-trash-alt fa-w-14\" aria-hidden=\"true\" data-prefix=\"far\" data-icon=\"trash-alt\" role=\"img\" xmlns=\"http://www.w3.org/2000/svg\" viewBox=\"0 0 448 512\" data-fa-i2svg=\"\"><path fill=\"currentColor\" d=\"M192 188v216c0 6.627-5.373 12-12 12h-24c-6.627 0-12-5.373-12-12V188c0-6.627 5.373-12 12-12h24c6.627 0 12 5.373 12 12zm100-12h-24c-6.627 0-12 5.373-12 12v216c0 6.627 5.373 12 12 12h24c6.627 0 12-5.373 12-12V188c0-6.627-5.373-12-12-12zm132-96c13.255 0 24 10.745 24 24v12c0 6.627-5.373 12-12 12h-20v336c0 26.51-21.49 48-48 48H80c-26.51 0-48-21.49-48-48V128H12c-6.627 0-12-5.373-12-12v-12c0-13.255 10.745-24 24-24h74.411l34.018-56.696A48 48 0 0 1 173.589 0h100.823a48 48 0 0 1 41.16 23.304L349.589 80H424zm-269.611 0h139.223L276.16 50.913A6 6 0 0 0 271.015 48h-94.028a6 6 0 0 0-5.145 2.913L154.389 80zM368 128H80v330a6 6 0 0 0 6 6h276a6 6 0 0 0 6-6V128z\"></path></svg><!-- <i class=\"far fa-trash-alt\"></i> --></a><a class=\"dupicon\" onclick=\"duplicateclick(this);\" data-label=\"fieldques7\" data-value=\"ques7\"><svg class=\"svg-inline--fa fa-copy fa-w-14\" aria-hidden=\"true\" data-prefix=\"far\" data-icon=\"copy\" role=\"img\" xmlns=\"http://www.w3.org/2000/svg\" viewBox=\"0 0 448 512\" data-fa-i2svg=\"\"><path fill=\"currentColor\" d=\"M433.941 65.941l-51.882-51.882A48 48 0 0 0 348.118 0H176c-26.51 0-48 21.49-48 48v48H48c-26.51 0-48 21.49-48 48v320c0 26.51 21.49 48 48 48h224c26.51 0 48-21.49 48-48v-48h80c26.51 0 48-21.49 48-48V99.882a48 48 0 0 0-14.059-33.941zM266 464H54a6 6 0 0 1-6-6V150a6 6 0 0 1 6-6h74v224c0 26.51 21.49 48 48 48h96v42a6 6 0 0 1-6 6zm128-96H182a6 6 0 0 1-6-6V54a6 6 0 0 1 6-6h106v88c0 13.255 10.745 24 24 24h88v202a6 6 0 0 1-6 6zm6-256h-64V48h9.632c1.591 0 3.117.632 4.243 1.757l48.368 48.368a6 6 0 0 1 1.757 4.243V112z\"></path></svg><!-- <i class=\"far fa-copy\"></i> --></a></li>','<fieldset id=\"fieldques7\" data-type=\"phoneNumber\" data-fieldname=\"@phoneNumberphoneNumber\" data-fieldvalue=\"\" data-v-a=\"false\" data-formlock=\"false\" style=\"display: none;\"><p>	<button class=\"removeButton btn-prev\" type=\"button\" aria-controls=\"fieldques6\" prev-controls=\"fieldques6\" onclick=\"prevbtnclick(this);\"><svg class=\"svg-inline--fa fa-arrow-alt-circle-up fa-w-16\" aria-hidden=\"true\" data-prefix=\"far\" data-icon=\"arrow-alt-circle-up\" role=\"img\" xmlns=\"http://www.w3.org/2000/svg\" viewBox=\"0 0 512 512\" data-fa-i2svg=\"\"><path fill=\"currentColor\" d=\"M256 504c137 0 248-111 248-248S393 8 256 8 8 119 8 256s111 248 248 248zm0-448c110.5 0 200 89.5 200 200s-89.5 200-200 200S56 366.5 56 256 145.5 56 256 56zm20 328h-40c-6.6 0-12-5.4-12-12V256h-67c-10.7 0-16-12.9-8.5-20.5l99-99c4.7-4.7 12.3-4.7 17 0l99 99c7.6 7.6 2.2 20.5-8.5 20.5h-67v116c0 6.6-5.4 12-12 12z\"></path></svg><!-- <i class=\"far fa-arrow-alt-circle-up\"></i> -->Return</button></p><p></p><div class=\"lbl\"><span></span></div><div class=\"lbla_v\" style=\"display:none;\"><iframe src=\"\" class=\"displaynone\"></iframe> </div><input class=\"form-control phone\" placeholder=\"(456)-345-2312\" data-type=\"phone\" name=\"phone\" onchange=\"inputonChange(this)\" onkeypress=\"inputonkeypress(this)\"><div class=\"supportlbl\"><span>Description</span></div><p></p><p class=\"controls\" aria-hidden=\"false\"><button class=\"nextButton btn-next\" type=\"button\" aria-controls=\"fieldques8\" next-controls=\"fieldques8\" onclick=\"nextbtnclick(this);\">Next</button><button class=\"btn btn-default btn-enter\" type=\"button\" aria-controls=\"fieldques8\" next-controls=\"fieldques8\" onclick=\"enterbtnclick(this);\">Press <span class=\"f-string-em\">Enter</span></button></p></fieldset>',345),(2448,'ques8','<li class=\"ques8\"><a class=\"lielement\" id=\"ques8\" onclick=\"elemclick(this.id);\" data-label=\"emailAddress\"><svg class=\"svg-inline--fa fa-envelope fa-w-16\" aria-hidden=\"true\" data-prefix=\"far\" data-icon=\"envelope\" role=\"img\" xmlns=\"http://www.w3.org/2000/svg\" viewBox=\"0 0 512 512\" data-fa-i2svg=\"\"><path fill=\"currentColor\" d=\"M464 64H48C21.49 64 0 85.49 0 112v288c0 26.51 21.49 48 48 48h416c26.51 0 48-21.49 48-48V112c0-26.51-21.49-48-48-48zm0 48v40.805c-22.422 18.259-58.168 46.651-134.587 106.49-16.841 13.247-50.201 45.072-73.413 44.701-23.208.375-56.579-31.459-73.413-44.701C106.18 199.465 70.425 171.067 48 152.805V112h416zM48 400V214.398c22.914 18.251 55.409 43.862 104.938 82.646 21.857 17.205 60.134 55.186 103.062 54.955 42.717.231 80.509-37.199 103.053-54.947 49.528-38.783 82.032-64.401 104.947-82.653V400H48z\"></path></svg><!-- <i class=\"far fa-envelope\"></i> --><span class=\"count\">6 .</span><span class=\"linktext\"></span></a> <a class=\"delicon\" onclick=\"deleteclick(this);\" data-label=\"fieldques8\" data-value=\"ques8\"><svg class=\"svg-inline--fa fa-trash-alt fa-w-14\" aria-hidden=\"true\" data-prefix=\"far\" data-icon=\"trash-alt\" role=\"img\" xmlns=\"http://www.w3.org/2000/svg\" viewBox=\"0 0 448 512\" data-fa-i2svg=\"\"><path fill=\"currentColor\" d=\"M192 188v216c0 6.627-5.373 12-12 12h-24c-6.627 0-12-5.373-12-12V188c0-6.627 5.373-12 12-12h24c6.627 0 12 5.373 12 12zm100-12h-24c-6.627 0-12 5.373-12 12v216c0 6.627 5.373 12 12 12h24c6.627 0 12-5.373 12-12V188c0-6.627-5.373-12-12-12zm132-96c13.255 0 24 10.745 24 24v12c0 6.627-5.373 12-12 12h-20v336c0 26.51-21.49 48-48 48H80c-26.51 0-48-21.49-48-48V128H12c-6.627 0-12-5.373-12-12v-12c0-13.255 10.745-24 24-24h74.411l34.018-56.696A48 48 0 0 1 173.589 0h100.823a48 48 0 0 1 41.16 23.304L349.589 80H424zm-269.611 0h139.223L276.16 50.913A6 6 0 0 0 271.015 48h-94.028a6 6 0 0 0-5.145 2.913L154.389 80zM368 128H80v330a6 6 0 0 0 6 6h276a6 6 0 0 0 6-6V128z\"></path></svg><!-- <i class=\"far fa-trash-alt\"></i> --></a><a class=\"dupicon\" onclick=\"duplicateclick(this);\" data-label=\"fieldques8\" data-value=\"ques8\"><svg class=\"svg-inline--fa fa-copy fa-w-14\" aria-hidden=\"true\" data-prefix=\"far\" data-icon=\"copy\" role=\"img\" xmlns=\"http://www.w3.org/2000/svg\" viewBox=\"0 0 448 512\" data-fa-i2svg=\"\"><path fill=\"currentColor\" d=\"M433.941 65.941l-51.882-51.882A48 48 0 0 0 348.118 0H176c-26.51 0-48 21.49-48 48v48H48c-26.51 0-48 21.49-48 48v320c0 26.51 21.49 48 48 48h224c26.51 0 48-21.49 48-48v-48h80c26.51 0 48-21.49 48-48V99.882a48 48 0 0 0-14.059-33.941zM266 464H54a6 6 0 0 1-6-6V150a6 6 0 0 1 6-6h74v224c0 26.51 21.49 48 48 48h96v42a6 6 0 0 1-6 6zm128-96H182a6 6 0 0 1-6-6V54a6 6 0 0 1 6-6h106v88c0 13.255 10.745 24 24 24h88v202a6 6 0 0 1-6 6zm6-256h-64V48h9.632c1.591 0 3.117.632 4.243 1.757l48.368 48.368a6 6 0 0 1 1.757 4.243V112z\"></path></svg><!-- <i class=\"far fa-copy\"></i> --></a></li>','<fieldset id=\"fieldques8\" data-type=\"emailAddress\" data-fieldname=\"@emailAddressemailAddress\" data-fieldvalue=\"\" data-v-a=\"false\" data-formlock=\"false\" style=\"display: none;\"><p>	<button class=\"removeButton btn-prev\" type=\"button\" aria-controls=\"fieldques7\" prev-controls=\"fieldques7\" onclick=\"prevbtnclick(this);\"><svg class=\"svg-inline--fa fa-arrow-alt-circle-up fa-w-16\" aria-hidden=\"true\" data-prefix=\"far\" data-icon=\"arrow-alt-circle-up\" role=\"img\" xmlns=\"http://www.w3.org/2000/svg\" viewBox=\"0 0 512 512\" data-fa-i2svg=\"\"><path fill=\"currentColor\" d=\"M256 504c137 0 248-111 248-248S393 8 256 8 8 119 8 256s111 248 248 248zm0-448c110.5 0 200 89.5 200 200s-89.5 200-200 200S56 366.5 56 256 145.5 56 256 56zm20 328h-40c-6.6 0-12-5.4-12-12V256h-67c-10.7 0-16-12.9-8.5-20.5l99-99c4.7-4.7 12.3-4.7 17 0l99 99c7.6 7.6 2.2 20.5-8.5 20.5h-67v116c0 6.6-5.4 12-12 12z\"></path></svg><!-- <i class=\"far fa-arrow-alt-circle-up\"></i> -->Return</button></p><p></p><div class=\"lbl\"><span></span></div><div class=\"lbla_v\" style=\"display:none;\"><iframe src=\"\" class=\"displaynone\"></iframe> </div><input class=\"form-control input\" type=\"email\" name=\"email\" data-type=\"email\" onchange=\"inputonChange(this)\" onkeypress=\"inputonkeypress(this)\"><div class=\"supportlbl\"><span>Description</span></div><p></p><p class=\"controls\" aria-hidden=\"false\"><button class=\"nextButton btn-next\" type=\"button\" aria-controls=\"fieldques9\" next-controls=\"fieldques9\" onclick=\"nextbtnclick(this);\">Next</button><button class=\"btn btn-default btn-enter\" type=\"button\" aria-controls=\"fieldques9\" next-controls=\"fieldques9\" onclick=\"enterbtnclick(this);\">Press <span class=\"f-string-em\">Enter</span></button></p></fieldset>',345),(2449,'ques9','<li class=\"ques9\"><a class=\"lielement\" id=\"ques9\" onclick=\"elemclick(this.id);\" data-label=\"multipleChoice\"><svg class=\"svg-inline--fa fa-check-square fa-w-14\" aria-hidden=\"true\" data-prefix=\"fas\" data-icon=\"check-square\" role=\"img\" xmlns=\"http://www.w3.org/2000/svg\" viewBox=\"0 0 448 512\" data-fa-i2svg=\"\"><path fill=\"currentColor\" d=\"M400 480H48c-26.51 0-48-21.49-48-48V80c0-26.51 21.49-48 48-48h352c26.51 0 48 21.49 48 48v352c0 26.51-21.49 48-48 48zm-204.686-98.059l184-184c6.248-6.248 6.248-16.379 0-22.627l-22.627-22.627c-6.248-6.248-16.379-6.249-22.628 0L184 302.745l-70.059-70.059c-6.248-6.248-16.379-6.248-22.628 0l-22.627 22.627c-6.248 6.248-6.248 16.379 0 22.627l104 104c6.249 6.25 16.379 6.25 22.628.001z\"></path></svg><!-- <i class=\"fas fa-check-square\"></i> --><span class=\"count\">7 .</span><span class=\"linktext\"></span></a> <a class=\"delicon\" onclick=\"deleteclick(this);\" data-label=\"fieldques9\" data-value=\"ques9\"><svg class=\"svg-inline--fa fa-trash-alt fa-w-14\" aria-hidden=\"true\" data-prefix=\"far\" data-icon=\"trash-alt\" role=\"img\" xmlns=\"http://www.w3.org/2000/svg\" viewBox=\"0 0 448 512\" data-fa-i2svg=\"\"><path fill=\"currentColor\" d=\"M192 188v216c0 6.627-5.373 12-12 12h-24c-6.627 0-12-5.373-12-12V188c0-6.627 5.373-12 12-12h24c6.627 0 12 5.373 12 12zm100-12h-24c-6.627 0-12 5.373-12 12v216c0 6.627 5.373 12 12 12h24c6.627 0 12-5.373 12-12V188c0-6.627-5.373-12-12-12zm132-96c13.255 0 24 10.745 24 24v12c0 6.627-5.373 12-12 12h-20v336c0 26.51-21.49 48-48 48H80c-26.51 0-48-21.49-48-48V128H12c-6.627 0-12-5.373-12-12v-12c0-13.255 10.745-24 24-24h74.411l34.018-56.696A48 48 0 0 1 173.589 0h100.823a48 48 0 0 1 41.16 23.304L349.589 80H424zm-269.611 0h139.223L276.16 50.913A6 6 0 0 0 271.015 48h-94.028a6 6 0 0 0-5.145 2.913L154.389 80zM368 128H80v330a6 6 0 0 0 6 6h276a6 6 0 0 0 6-6V128z\"></path></svg><!-- <i class=\"far fa-trash-alt\"></i> --></a><a class=\"dupicon\" onclick=\"duplicateclick(this);\" data-label=\"fieldques9\" data-value=\"ques9\"><svg class=\"svg-inline--fa fa-copy fa-w-14\" aria-hidden=\"true\" data-prefix=\"far\" data-icon=\"copy\" role=\"img\" xmlns=\"http://www.w3.org/2000/svg\" viewBox=\"0 0 448 512\" data-fa-i2svg=\"\"><path fill=\"currentColor\" d=\"M433.941 65.941l-51.882-51.882A48 48 0 0 0 348.118 0H176c-26.51 0-48 21.49-48 48v48H48c-26.51 0-48 21.49-48 48v320c0 26.51 21.49 48 48 48h224c26.51 0 48-21.49 48-48v-48h80c26.51 0 48-21.49 48-48V99.882a48 48 0 0 0-14.059-33.941zM266 464H54a6 6 0 0 1-6-6V150a6 6 0 0 1 6-6h74v224c0 26.51 21.49 48 48 48h96v42a6 6 0 0 1-6 6zm128-96H182a6 6 0 0 1-6-6V54a6 6 0 0 1 6-6h106v88c0 13.255 10.745 24 24 24h88v202a6 6 0 0 1-6 6zm6-256h-64V48h9.632c1.591 0 3.117.632 4.243 1.757l48.368 48.368a6 6 0 0 1 1.757 4.243V112z\"></path></svg><!-- <i class=\"far fa-copy\"></i> --></a></li>','<fieldset id=\"fieldques9\" data-type=\"multipleChoice\" data-fieldname=\"@multipleChoicemultipleChoice\" default-val=\"1\" data-fieldvalue=\"\" data-v-a=\"false\" data-formlock=\"false\" data-scoreobject=\"\" style=\"display: block;\"><p>	<button class=\"removeButton btn-prev\" type=\"button\" aria-controls=\"fieldques8\" prev-controls=\"fieldques8\" onclick=\"prevbtnclick(this);\"><svg class=\"svg-inline--fa fa-arrow-alt-circle-up fa-w-16\" aria-hidden=\"true\" data-prefix=\"far\" data-icon=\"arrow-alt-circle-up\" role=\"img\" xmlns=\"http://www.w3.org/2000/svg\" viewBox=\"0 0 512 512\" data-fa-i2svg=\"\"><path fill=\"currentColor\" d=\"M256 504c137 0 248-111 248-248S393 8 256 8 8 119 8 256s111 248 248 248zm0-448c110.5 0 200 89.5 200 200s-89.5 200-200 200S56 366.5 56 256 145.5 56 256 56zm20 328h-40c-6.6 0-12-5.4-12-12V256h-67c-10.7 0-16-12.9-8.5-20.5l99-99c4.7-4.7 12.3-4.7 17 0l99 99c7.6 7.6 2.2 20.5-8.5 20.5h-67v116c0 6.6-5.4 12-12 12z\"></path></svg><!-- <i class=\"far fa-arrow-alt-circle-up\"></i> -->Return</button></p><p></p><div class=\"lbl\"><span></span></div><div class=\"lbla_v\" style=\"display:none;\"><iframe src=\"\" class=\"displaynone\"></iframe> </div><div class=\"checkbox-group\" data-assign=\"false\" data-default=\"0\" data-reason=\"\"><div class=\"p-2 rounded checkbox-form\"><div class=\"form-check\"> <input class=\"form-check-input\" type=\"checkbox\" name=\"multich9\" data-type=\"choice\" value=\"Smoker\" id=\"multich91\" onchange=\"inputonChange(this)\" onkeypress=\"inputonkeypress(this)\"> <label class=\"form-check-label\" for=\"multich91\"> Smoker </label> </div></div> <div class=\"p-2 rounded checkbox-form\"><div class=\"form-check\"> <input class=\"form-check-input\" type=\"checkbox\" name=\"multich9\" data-type=\"choice\" value=\"Non smoker\" id=\"multich92\" onchange=\"inputonChange(this)\" onkeypress=\"inputonkeypress(this)\"> <label class=\"form-check-label\" for=\"multich92\"> Non smoker </label> </div></div><div class=\"p-2 rounded checkbox-form\"><div class=\"form-check\"> <input class=\"form-check-input\" type=\"checkbox\" name=\"multich9\" data-type=\"choice\" value=\"Social Volunteer\" id=\"multich93\" onchange=\"inputonChange(this)\" onkeypress=\"inputonkeypress(this)\"> <label class=\"form-check-label\" for=\"multich93\"> Social Volunteer </label> </div></div></div><div class=\"supportlbl\"><input type=\"hidden\" class=\"multiplehidden\" value=\"\"><span></span></div><p></p><p class=\"controls\" aria-hidden=\"false\"><button class=\"nextButton btn-next\" type=\"button\" aria-controls=\"fieldques10\" next-controls=\"fieldques10\" onclick=\"nextbtnclick(this);\">Next</button><button class=\"btn btn-default btn-enter\" type=\"button\" aria-controls=\"fieldques10\" next-controls=\"fieldques10\" onclick=\"enterbtnclick(this);\">Press <span class=\"f-string-em\">Enter</span></button></p></fieldset>',345),(2450,'ques10','<li class=\"ques10\"><a class=\"lielement\" id=\"ques10\" onclick=\"elemclick(this.id);\" data-label=\"dropdownChoice\"><svg class=\"svg-inline--fa fa-chevron-circle-down fa-w-16\" aria-hidden=\"true\" data-prefix=\"fas\" data-icon=\"chevron-circle-down\" role=\"img\" xmlns=\"http://www.w3.org/2000/svg\" viewBox=\"0 0 512 512\" data-fa-i2svg=\"\"><path fill=\"currentColor\" d=\"M504 256c0 137-111 248-248 248S8 393 8 256 119 8 256 8s248 111 248 248zM273 369.9l135.5-135.5c9.4-9.4 9.4-24.6 0-33.9l-17-17c-9.4-9.4-24.6-9.4-33.9 0L256 285.1 154.4 183.5c-9.4-9.4-24.6-9.4-33.9 0l-17 17c-9.4 9.4-9.4 24.6 0 33.9L239 369.9c9.4 9.4 24.6 9.4 34 0z\"></path></svg><!-- <i class=\"fas fa-chevron-circle-down\"></i> --><span class=\"count\">8 .</span><span class=\"linktext\"></span></a> <a class=\"delicon\" onclick=\"deleteclick(this);\" data-label=\"fieldques10\" data-value=\"ques10\"><svg class=\"svg-inline--fa fa-trash-alt fa-w-14\" aria-hidden=\"true\" data-prefix=\"far\" data-icon=\"trash-alt\" role=\"img\" xmlns=\"http://www.w3.org/2000/svg\" viewBox=\"0 0 448 512\" data-fa-i2svg=\"\"><path fill=\"currentColor\" d=\"M192 188v216c0 6.627-5.373 12-12 12h-24c-6.627 0-12-5.373-12-12V188c0-6.627 5.373-12 12-12h24c6.627 0 12 5.373 12 12zm100-12h-24c-6.627 0-12 5.373-12 12v216c0 6.627 5.373 12 12 12h24c6.627 0 12-5.373 12-12V188c0-6.627-5.373-12-12-12zm132-96c13.255 0 24 10.745 24 24v12c0 6.627-5.373 12-12 12h-20v336c0 26.51-21.49 48-48 48H80c-26.51 0-48-21.49-48-48V128H12c-6.627 0-12-5.373-12-12v-12c0-13.255 10.745-24 24-24h74.411l34.018-56.696A48 48 0 0 1 173.589 0h100.823a48 48 0 0 1 41.16 23.304L349.589 80H424zm-269.611 0h139.223L276.16 50.913A6 6 0 0 0 271.015 48h-94.028a6 6 0 0 0-5.145 2.913L154.389 80zM368 128H80v330a6 6 0 0 0 6 6h276a6 6 0 0 0 6-6V128z\"></path></svg><!-- <i class=\"far fa-trash-alt\"></i> --></a><a class=\"dupicon\" onclick=\"duplicateclick(this);\" data-label=\"fieldques10\" data-value=\"ques10\"><svg class=\"svg-inline--fa fa-copy fa-w-14\" aria-hidden=\"true\" data-prefix=\"far\" data-icon=\"copy\" role=\"img\" xmlns=\"http://www.w3.org/2000/svg\" viewBox=\"0 0 448 512\" data-fa-i2svg=\"\"><path fill=\"currentColor\" d=\"M433.941 65.941l-51.882-51.882A48 48 0 0 0 348.118 0H176c-26.51 0-48 21.49-48 48v48H48c-26.51 0-48 21.49-48 48v320c0 26.51 21.49 48 48 48h224c26.51 0 48-21.49 48-48v-48h80c26.51 0 48-21.49 48-48V99.882a48 48 0 0 0-14.059-33.941zM266 464H54a6 6 0 0 1-6-6V150a6 6 0 0 1 6-6h74v224c0 26.51 21.49 48 48 48h96v42a6 6 0 0 1-6 6zm128-96H182a6 6 0 0 1-6-6V54a6 6 0 0 1 6-6h106v88c0 13.255 10.745 24 24 24h88v202a6 6 0 0 1-6 6zm6-256h-64V48h9.632c1.591 0 3.117.632 4.243 1.757l48.368 48.368a6 6 0 0 1 1.757 4.243V112z\"></path></svg><!-- <i class=\"far fa-copy\"></i> --></a></li>','<fieldset id=\"fieldques10\" data-type=\"dropdownChoice\" data-fieldname=\"@dropdownChoicedropdownChoice\" data-fieldvalue=\"\" default-val=\"1\" data-v-a=\"false\" data-formlock=\"false\" data-scoreobject=\"\" style=\"display: none;\"><p>	<button class=\"removeButton btn-prev\" type=\"button\" aria-controls=\"fieldques9\" prev-controls=\"fieldques9\" onclick=\"prevbtnclick(this);\"><svg class=\"svg-inline--fa fa-arrow-alt-circle-up fa-w-16\" aria-hidden=\"true\" data-prefix=\"far\" data-icon=\"arrow-alt-circle-up\" role=\"img\" xmlns=\"http://www.w3.org/2000/svg\" viewBox=\"0 0 512 512\" data-fa-i2svg=\"\"><path fill=\"currentColor\" d=\"M256 504c137 0 248-111 248-248S393 8 256 8 8 119 8 256s111 248 248 248zm0-448c110.5 0 200 89.5 200 200s-89.5 200-200 200S56 366.5 56 256 145.5 56 256 56zm20 328h-40c-6.6 0-12-5.4-12-12V256h-67c-10.7 0-16-12.9-8.5-20.5l99-99c4.7-4.7 12.3-4.7 17 0l99 99c7.6 7.6 2.2 20.5-8.5 20.5h-67v116c0 6.6-5.4 12-12 12z\"></path></svg><!-- <i class=\"far fa-arrow-alt-circle-up\"></i> -->Return</button></p><p></p><div class=\"lbl\"><span></span></div><div class=\"lbla_v\" style=\"display:none;\"><iframe src=\"\" class=\"displaynone\"></iframe> </div><div class=\"selectdiv\"><label><select class=\"form-control input\" onchange=\"inputonChange(this)\" data-type=\"select\" data-assign=\"false\" data-default=\"0\" data-reason=\"\" onkeypress=\"inputonkeypress(this)\"> <option value=\"Option 1\">Option 1</option>    <option value=\"Option 6\">Option 6</option><option value=\"Option 7\">Option 7</option></select> </label></div><div class=\"supportlbl\"><span></span></div><p></p><p class=\"controls\" aria-hidden=\"false\"><button class=\"nextButton\" type=\"submit\">Submit</button> </p></fieldset>',345),(2451,'togBtn','<a class=\"liwelcome\" id=\"welcome\" onclick=\"elemclick(this.id);\" data-label=\"welcomeText\"><svg class=\"svg-inline--fa fa-home fa-w-18\" aria-hidden=\"true\" data-prefix=\"fas\" data-icon=\"home\" role=\"img\" xmlns=\"http://www.w3.org/2000/svg\" viewBox=\"0 0 576 512\" data-fa-i2svg=\"\"><path fill=\"currentColor\" d=\"M488 312.7V456c0 13.3-10.7 24-24 24H348c-6.6 0-12-5.4-12-12V356c0-6.6-5.4-12-12-12h-72c-6.6 0-12 5.4-12 12v112c0 6.6-5.4 12-12 12H112c-13.3 0-24-10.7-24-24V312.7c0-3.6 1.6-7 4.4-9.3l188-154.8c4.4-3.6 10.8-3.6 15.3 0l188 154.8c2.7 2.3 4.3 5.7 4.3 9.3zm83.6-60.9L488 182.9V44.4c0-6.6-5.4-12-12-12h-56c-6.6 0-12 5.4-12 12V117l-89.5-73.7c-17.7-14.6-43.3-14.6-61 0L4.4 251.8c-5.1 4.2-5.8 11.8-1.6 16.9l25.5 31c4.2 5.1 11.8 5.8 16.9 1.6l235.2-193.7c4.4-3.6 10.8-3.6 15.3 0l235.2 193.7c5.1 4.2 12.7 3.5 16.9-1.6l25.5-31c4.2-5.2 3.4-12.7-1.7-16.9z\"></path></svg><!-- <i class=\"fas fa-home\" aria-hidden=\"true\"></i> --> Welcome</a>','',345),(2452,'thankyou','<a class=\"lithank\" id=\"thankyou\" onclick=\"elemclick(this.id);\" data-label=\"thankYouText\"><svg class=\"svg-inline--fa fa-thumbs-up fa-w-16\" aria-hidden=\"true\" data-prefix=\"fa\" data-icon=\"thumbs-up\" role=\"img\" xmlns=\"http://www.w3.org/2000/svg\" viewBox=\"0 0 512 512\" data-fa-i2svg=\"\"><path fill=\"currentColor\" d=\"M104 224H24c-13.255 0-24 10.745-24 24v240c0 13.255 10.745 24 24 24h80c13.255 0 24-10.745 24-24V248c0-13.255-10.745-24-24-24zM64 472c-13.255 0-24-10.745-24-24s10.745-24 24-24 24 10.745 24 24-10.745 24-24 24zM384 81.452c0 42.416-25.97 66.208-33.277 94.548h101.723c33.397 0 59.397 27.746 59.553 58.098.084 17.938-7.546 37.249-19.439 49.197l-.11.11c9.836 23.337 8.237 56.037-9.308 79.469 8.681 25.895-.069 57.704-16.382 74.757 4.298 17.598 2.244 32.575-6.148 44.632C440.202 511.587 389.616 512 346.839 512l-2.845-.001c-48.287-.017-87.806-17.598-119.56-31.725-15.957-7.099-36.821-15.887-52.651-16.178-6.54-.12-11.783-5.457-11.783-11.998v-213.77c0-3.2 1.282-6.271 3.558-8.521 39.614-39.144 56.648-80.587 89.117-113.111 14.804-14.832 20.188-37.236 25.393-58.902C282.515 39.293 291.817 0 312 0c24 0 72 8 72 81.452z\"></path></svg><!-- <i class=\"fa fa-thumbs-up\" aria-hidden=\"true\"></i> -->Thank You !</a>','\n	<div class=\"media\"><div class=\"pie_progress\" role=\"progressbar\" data-goal=\"100\" aria-valuemin=\"0\" aria-valuemax=\"100\"><span class=\"pie_progress__number\">0%</span><div class=\"pie_progress__label\">Submitted</div></div></div>\n	<div class=\"title\">	<div class=\"lblti\"><span>Thank You!</span></div></div>\n	<div class=\"descrip\"><div class=\"lbldesc\"><span>Your form as beeen submitted successfully we will reach you Shortly. thank you for your Time.</span></div></div>\n	',345),(2453,'trigger','[]','[]',345),(4588,'ques3','<li class=\"ques3\"><a class=\"lielement\" id=\"ques3\" onclick=\"elemclick(this.id);\" data-label=\"shortText\"><svg class=\"svg-inline--fa fa-i-cursor fa-w-8\" aria-hidden=\"true\" data-prefix=\"fas\" data-icon=\"i-cursor\" role=\"img\" xmlns=\"http://www.w3.org/2000/svg\" viewBox=\"0 0 256 512\" data-fa-i2svg=\"\"><path fill=\"currentColor\" d=\"M256 52.048V12.065C256 5.496 250.726.148 244.158.066 211.621-.344 166.469.011 128 37.959 90.266.736 46.979-.114 11.913.114 5.318.157 0 5.519 0 12.114v39.645c0 6.687 5.458 12.078 12.145 11.998C38.111 63.447 96 67.243 96 112.182V224H60c-6.627 0-12 5.373-12 12v40c0 6.627 5.373 12 12 12h36v112c0 44.932-56.075 48.031-83.95 47.959C5.404 447.942 0 453.306 0 459.952v39.983c0 6.569 5.274 11.917 11.842 11.999 32.537.409 77.689.054 116.158-37.894 37.734 37.223 81.021 38.073 116.087 37.845 6.595-.043 11.913-5.405 11.913-12V460.24c0-6.687-5.458-12.078-12.145-11.998C217.889 448.553 160 444.939 160 400V288h36c6.627 0 12-5.373 12-12v-40c0-6.627-5.373-12-12-12h-36V112.182c0-44.932 56.075-48.213 83.95-48.142 6.646.018 12.05-5.346 12.05-11.992z\"></path></svg><!-- <i class=\"fas fa-i-cursor\"></i> --><span class=\"count\">1 .</span><span class=\"linktext\">Your Name</span></a> <a class=\"delicon\" onclick=\"deleteclick(this);\" data-label=\"fieldques3\" data-value=\"ques3\"><svg class=\"svg-inline--fa fa-trash-alt fa-w-14\" aria-hidden=\"true\" data-prefix=\"far\" data-icon=\"trash-alt\" role=\"img\" xmlns=\"http://www.w3.org/2000/svg\" viewBox=\"0 0 448 512\" data-fa-i2svg=\"\"><path fill=\"currentColor\" d=\"M192 188v216c0 6.627-5.373 12-12 12h-24c-6.627 0-12-5.373-12-12V188c0-6.627 5.373-12 12-12h24c6.627 0 12 5.373 12 12zm100-12h-24c-6.627 0-12 5.373-12 12v216c0 6.627 5.373 12 12 12h24c6.627 0 12-5.373 12-12V188c0-6.627-5.373-12-12-12zm132-96c13.255 0 24 10.745 24 24v12c0 6.627-5.373 12-12 12h-20v336c0 26.51-21.49 48-48 48H80c-26.51 0-48-21.49-48-48V128H12c-6.627 0-12-5.373-12-12v-12c0-13.255 10.745-24 24-24h74.411l34.018-56.696A48 48 0 0 1 173.589 0h100.823a48 48 0 0 1 41.16 23.304L349.589 80H424zm-269.611 0h139.223L276.16 50.913A6 6 0 0 0 271.015 48h-94.028a6 6 0 0 0-5.145 2.913L154.389 80zM368 128H80v330a6 6 0 0 0 6 6h276a6 6 0 0 0 6-6V128z\"></path></svg><!-- <i class=\"far fa-trash-alt\"></i> --></a><a class=\"dupicon\" onclick=\"duplicateclick(this);\" data-label=\"fieldques3\" data-value=\"ques3\"><svg class=\"svg-inline--fa fa-copy fa-w-14\" aria-hidden=\"true\" data-prefix=\"far\" data-icon=\"copy\" role=\"img\" xmlns=\"http://www.w3.org/2000/svg\" viewBox=\"0 0 448 512\" data-fa-i2svg=\"\"><path fill=\"currentColor\" d=\"M433.941 65.941l-51.882-51.882A48 48 0 0 0 348.118 0H176c-26.51 0-48 21.49-48 48v48H48c-26.51 0-48 21.49-48 48v320c0 26.51 21.49 48 48 48h224c26.51 0 48-21.49 48-48v-48h80c26.51 0 48-21.49 48-48V99.882a48 48 0 0 0-14.059-33.941zM266 464H54a6 6 0 0 1-6-6V150a6 6 0 0 1 6-6h74v224c0 26.51 21.49 48 48 48h96v42a6 6 0 0 1-6 6zm128-96H182a6 6 0 0 1-6-6V54a6 6 0 0 1 6-6h106v88c0 13.255 10.745 24 24 24h88v202a6 6 0 0 1-6 6zm6-256h-64V48h9.632c1.591 0 3.117.632 4.243 1.757l48.368 48.368a6 6 0 0 1 1.757 4.243V112z\"></path></svg><!-- <i class=\"far fa-copy\"></i> --></a></li>','<fieldset id=\"fieldques3\" data-type=\"shortText\" data-fieldname=\"@shortTextshortText\" data-column=\"field3\" data-fieldvalue=\"\" data-v-a=\"false\" data-formlock=\"false\" style=\"display: none;\"><p>	<button class=\"removeButton btn-prev\" type=\"button\" aria-controls=\"welcomestep\" prev-controls=\"fieldques3\" onclick=\"prevbtnclick(this);\"><svg class=\"svg-inline--fa fa-arrow-alt-circle-up fa-w-16\" aria-hidden=\"true\" data-prefix=\"far\" data-icon=\"arrow-alt-circle-up\" role=\"img\" xmlns=\"http://www.w3.org/2000/svg\" viewBox=\"0 0 512 512\" data-fa-i2svg=\"\"><path fill=\"currentColor\" d=\"M256 504c137 0 248-111 248-248S393 8 256 8 8 119 8 256s111 248 248 248zm0-448c110.5 0 200 89.5 200 200s-89.5 200-200 200S56 366.5 56 256 145.5 56 256 56zm20 328h-40c-6.6 0-12-5.4-12-12V256h-67c-10.7 0-16-12.9-8.5-20.5l99-99c4.7-4.7 12.3-4.7 17 0l99 99c7.6 7.6 2.2 20.5-8.5 20.5h-67v116c0 6.6-5.4 12-12 12z\"></path></svg><!-- <i class=\"far fa-arrow-alt-circle-up\"></i> -->Return</button></p><p></p><div class=\"lbl\"><span>Your Name</span></div><div class=\"lbla_v\" style=\"display:none;\"><iframe src=\"\" class=\"displaynone\"></iframe></div><input class=\"form-control input\" type=\"text\" data-type=\"text\" onchange=\"inputonChange(this)\" onkeypress=\"inputonkeypress(this)\"><div class=\"supportlbl\"><span>Description</span></div><p></p><p class=\"controls\" aria-hidden=\"false\"><button class=\"nextButton btn-next\" type=\"button\" aria-controls=\"fieldques4\" next-controls=\"fieldques4\" onclick=\"nextbtnclick(this);\">Next</button><button class=\"btn btn-default btn-enter\" type=\"button\" aria-controls=\"fieldques4\" next-controls=\"fieldques4\" onclick=\"enterbtnclick(this);\">Press <span class=\"f-string-em\">Enter</span></button></p></fieldset>',406),(4589,'ques4','<li class=\"ques4\"><a class=\"lielement\" id=\"ques4\" onclick=\"elemclick(this.id);\" data-label=\"emailAddress\"><svg class=\"svg-inline--fa fa-envelope fa-w-16\" aria-hidden=\"true\" data-prefix=\"far\" data-icon=\"envelope\" role=\"img\" xmlns=\"http://www.w3.org/2000/svg\" viewBox=\"0 0 512 512\" data-fa-i2svg=\"\"><path fill=\"currentColor\" d=\"M464 64H48C21.49 64 0 85.49 0 112v288c0 26.51 21.49 48 48 48h416c26.51 0 48-21.49 48-48V112c0-26.51-21.49-48-48-48zm0 48v40.805c-22.422 18.259-58.168 46.651-134.587 106.49-16.841 13.247-50.201 45.072-73.413 44.701-23.208.375-56.579-31.459-73.413-44.701C106.18 199.465 70.425 171.067 48 152.805V112h416zM48 400V214.398c22.914 18.251 55.409 43.862 104.938 82.646 21.857 17.205 60.134 55.186 103.062 54.955 42.717.231 80.509-37.199 103.053-54.947 49.528-38.783 82.032-64.401 104.947-82.653V400H48z\"></path></svg><!-- <i class=\"far fa-envelope\"></i> --><span class=\"count\">2 .</span><span class=\"linktext\">Your Email</span></a> <a class=\"delicon\" onclick=\"deleteclick(this);\" data-label=\"fieldques4\" data-value=\"ques4\"><svg class=\"svg-inline--fa fa-trash-alt fa-w-14\" aria-hidden=\"true\" data-prefix=\"far\" data-icon=\"trash-alt\" role=\"img\" xmlns=\"http://www.w3.org/2000/svg\" viewBox=\"0 0 448 512\" data-fa-i2svg=\"\"><path fill=\"currentColor\" d=\"M192 188v216c0 6.627-5.373 12-12 12h-24c-6.627 0-12-5.373-12-12V188c0-6.627 5.373-12 12-12h24c6.627 0 12 5.373 12 12zm100-12h-24c-6.627 0-12 5.373-12 12v216c0 6.627 5.373 12 12 12h24c6.627 0 12-5.373 12-12V188c0-6.627-5.373-12-12-12zm132-96c13.255 0 24 10.745 24 24v12c0 6.627-5.373 12-12 12h-20v336c0 26.51-21.49 48-48 48H80c-26.51 0-48-21.49-48-48V128H12c-6.627 0-12-5.373-12-12v-12c0-13.255 10.745-24 24-24h74.411l34.018-56.696A48 48 0 0 1 173.589 0h100.823a48 48 0 0 1 41.16 23.304L349.589 80H424zm-269.611 0h139.223L276.16 50.913A6 6 0 0 0 271.015 48h-94.028a6 6 0 0 0-5.145 2.913L154.389 80zM368 128H80v330a6 6 0 0 0 6 6h276a6 6 0 0 0 6-6V128z\"></path></svg><!-- <i class=\"far fa-trash-alt\"></i> --></a><a class=\"dupicon\" onclick=\"duplicateclick(this);\" data-label=\"fieldques4\" data-value=\"ques4\"><svg class=\"svg-inline--fa fa-copy fa-w-14\" aria-hidden=\"true\" data-prefix=\"far\" data-icon=\"copy\" role=\"img\" xmlns=\"http://www.w3.org/2000/svg\" viewBox=\"0 0 448 512\" data-fa-i2svg=\"\"><path fill=\"currentColor\" d=\"M433.941 65.941l-51.882-51.882A48 48 0 0 0 348.118 0H176c-26.51 0-48 21.49-48 48v48H48c-26.51 0-48 21.49-48 48v320c0 26.51 21.49 48 48 48h224c26.51 0 48-21.49 48-48v-48h80c26.51 0 48-21.49 48-48V99.882a48 48 0 0 0-14.059-33.941zM266 464H54a6 6 0 0 1-6-6V150a6 6 0 0 1 6-6h74v224c0 26.51 21.49 48 48 48h96v42a6 6 0 0 1-6 6zm128-96H182a6 6 0 0 1-6-6V54a6 6 0 0 1 6-6h106v88c0 13.255 10.745 24 24 24h88v202a6 6 0 0 1-6 6zm6-256h-64V48h9.632c1.591 0 3.117.632 4.243 1.757l48.368 48.368a6 6 0 0 1 1.757 4.243V112z\"></path></svg><!-- <i class=\"far fa-copy\"></i> --></a></li>','<fieldset id=\"fieldques4\" data-type=\"emailAddress\" data-fieldname=\"@emailAddressemailAddress\" data-column=\"field4\" data-fieldvalue=\"\" data-v-a=\"false\" data-formlock=\"false\" style=\"display: none;\"><p>	<button class=\"removeButton btn-prev\" type=\"button\" aria-controls=\"fieldques3\" prev-controls=\"fieldques4\" onclick=\"prevbtnclick(this);\"><svg class=\"svg-inline--fa fa-arrow-alt-circle-up fa-w-16\" aria-hidden=\"true\" data-prefix=\"far\" data-icon=\"arrow-alt-circle-up\" role=\"img\" xmlns=\"http://www.w3.org/2000/svg\" viewBox=\"0 0 512 512\" data-fa-i2svg=\"\"><path fill=\"currentColor\" d=\"M256 504c137 0 248-111 248-248S393 8 256 8 8 119 8 256s111 248 248 248zm0-448c110.5 0 200 89.5 200 200s-89.5 200-200 200S56 366.5 56 256 145.5 56 256 56zm20 328h-40c-6.6 0-12-5.4-12-12V256h-67c-10.7 0-16-12.9-8.5-20.5l99-99c4.7-4.7 12.3-4.7 17 0l99 99c7.6 7.6 2.2 20.5-8.5 20.5h-67v116c0 6.6-5.4 12-12 12z\"></path></svg><!-- <i class=\"far fa-arrow-alt-circle-up\"></i> -->Return</button></p><p></p><div class=\"lbl\"><span>Your Email</span></div><div class=\"lbla_v\" style=\"display:none;\"><iframe src=\"\" class=\"displaynone\"></iframe> </div><input class=\"form-control input\" type=\"email\" name=\"email\" data-type=\"email\" onchange=\"inputonChange(this)\" onkeypress=\"inputonkeypress(this)\"><div class=\"supportlbl\"><span>Description</span></div><p></p><p class=\"controls\" aria-hidden=\"false\"><button class=\"nextButton btn-next\" type=\"button\" aria-controls=\"fieldques5\" next-controls=\"fieldques5\" onclick=\"nextbtnclick(this);\">Next</button><button class=\"btn btn-default btn-enter\" type=\"button\" aria-controls=\"fieldques5\" next-controls=\"fieldques5\" onclick=\"enterbtnclick(this);\">Press <span class=\"f-string-em\">Enter</span></button></p></fieldset>',406),(4590,'ques5','<li class=\"ques5\"><a class=\"lielement\" id=\"ques5\" onclick=\"elemclick(this.id);\" data-label=\"videoUpload\"><svg class=\"svg-inline--fa fa-video fa-w-18\" aria-hidden=\"true\" data-prefix=\"fas\" data-icon=\"video\" role=\"img\" xmlns=\"http://www.w3.org/2000/svg\" viewBox=\"0 0 576 512\" data-fa-i2svg=\"\"><path fill=\"currentColor\" d=\"M336.2 64H47.8C21.4 64 0 85.4 0 111.8v288.4C0 426.6 21.4 448 47.8 448h288.4c26.4 0 47.8-21.4 47.8-47.8V111.8c0-26.4-21.4-47.8-47.8-47.8zm189.4 37.7L416 177.3v157.4l109.6 75.5c21.2 14.6 50.4-.3 50.4-25.8V127.5c0-25.4-29.1-40.4-50.4-25.8z\"></path></svg><!-- <i class=\"fas fa-video\"></i> --><span class=\"count\">3 .</span><span class=\"linktext\">Interview Question 1</span></a> <a class=\"delicon\" onclick=\"deleteclick(this);\" data-label=\"fieldques5\" data-value=\"ques5\"><svg class=\"svg-inline--fa fa-trash-alt fa-w-14\" aria-hidden=\"true\" data-prefix=\"far\" data-icon=\"trash-alt\" role=\"img\" xmlns=\"http://www.w3.org/2000/svg\" viewBox=\"0 0 448 512\" data-fa-i2svg=\"\"><path fill=\"currentColor\" d=\"M192 188v216c0 6.627-5.373 12-12 12h-24c-6.627 0-12-5.373-12-12V188c0-6.627 5.373-12 12-12h24c6.627 0 12 5.373 12 12zm100-12h-24c-6.627 0-12 5.373-12 12v216c0 6.627 5.373 12 12 12h24c6.627 0 12-5.373 12-12V188c0-6.627-5.373-12-12-12zm132-96c13.255 0 24 10.745 24 24v12c0 6.627-5.373 12-12 12h-20v336c0 26.51-21.49 48-48 48H80c-26.51 0-48-21.49-48-48V128H12c-6.627 0-12-5.373-12-12v-12c0-13.255 10.745-24 24-24h74.411l34.018-56.696A48 48 0 0 1 173.589 0h100.823a48 48 0 0 1 41.16 23.304L349.589 80H424zm-269.611 0h139.223L276.16 50.913A6 6 0 0 0 271.015 48h-94.028a6 6 0 0 0-5.145 2.913L154.389 80zM368 128H80v330a6 6 0 0 0 6 6h276a6 6 0 0 0 6-6V128z\"></path></svg><!-- <i class=\"far fa-trash-alt\"></i> --></a><a class=\"dupicon\" onclick=\"duplicateclick(this);\" data-label=\"fieldques5\" data-value=\"ques5\"><svg class=\"svg-inline--fa fa-copy fa-w-14\" aria-hidden=\"true\" data-prefix=\"far\" data-icon=\"copy\" role=\"img\" xmlns=\"http://www.w3.org/2000/svg\" viewBox=\"0 0 448 512\" data-fa-i2svg=\"\"><path fill=\"currentColor\" d=\"M433.941 65.941l-51.882-51.882A48 48 0 0 0 348.118 0H176c-26.51 0-48 21.49-48 48v48H48c-26.51 0-48 21.49-48 48v320c0 26.51 21.49 48 48 48h224c26.51 0 48-21.49 48-48v-48h80c26.51 0 48-21.49 48-48V99.882a48 48 0 0 0-14.059-33.941zM266 464H54a6 6 0 0 1-6-6V150a6 6 0 0 1 6-6h74v224c0 26.51 21.49 48 48 48h96v42a6 6 0 0 1-6 6zm128-96H182a6 6 0 0 1-6-6V54a6 6 0 0 1 6-6h106v88c0 13.255 10.745 24 24 24h88v202a6 6 0 0 1-6 6zm6-256h-64V48h9.632c1.591 0 3.117.632 4.243 1.757l48.368 48.368a6 6 0 0 1 1.757 4.243V112z\"></path></svg><!-- <i class=\"far fa-copy\"></i> --></a></li>','<fieldset id=\"fieldques5\" data-type=\"videoUpload\" data-fieldname=\"@videoUploadvideoUpload\" data-column=\"field5\" data-fieldvalue=\"\" data-v-a=\"false\" data-formlock=\"false\" style=\"display: none;\"><p>	<button class=\"removeButton btn-prev\" type=\"button\" aria-controls=\"fieldques4\" prev-controls=\"fieldques4\" onclick=\"prevbtnclick(this);\"><svg class=\"svg-inline--fa fa-arrow-alt-circle-up fa-w-16\" aria-hidden=\"true\" data-prefix=\"far\" data-icon=\"arrow-alt-circle-up\" role=\"img\" xmlns=\"http://www.w3.org/2000/svg\" viewBox=\"0 0 512 512\" data-fa-i2svg=\"\"><path fill=\"currentColor\" d=\"M256 504c137 0 248-111 248-248S393 8 256 8 8 119 8 256s111 248 248 248zm0-448c110.5 0 200 89.5 200 200s-89.5 200-200 200S56 366.5 56 256 145.5 56 256 56zm20 328h-40c-6.6 0-12-5.4-12-12V256h-67c-10.7 0-16-12.9-8.5-20.5l99-99c4.7-4.7 12.3-4.7 17 0l99 99c7.6 7.6 2.2 20.5-8.5 20.5h-67v116c0 6.6-5.4 12-12 12z\"></path></svg><!-- <i class=\"far fa-arrow-alt-circle-up\"></i> -->Return</button></p><p></p><div class=\"lbl\"><span>Interview Question 1</span></div><div class=\"lbla_v\" style=\"display:none;\"><iframe src=\"\" class=\"displaynone\"></iframe> </div><input type=\"text\" class=\"videourl\" data-type=\"link\" value=\"\"><a class=\"videoclck\" onclick=\"videoclick(this);\"><svg class=\"svg-inline--fa fa-video fa-w-18\" aria-hidden=\"true\" data-prefix=\"fas\" data-icon=\"video\" role=\"img\" xmlns=\"http://www.w3.org/2000/svg\" viewBox=\"0 0 576 512\" data-fa-i2svg=\"\"><path fill=\"currentColor\" d=\"M336.2 64H47.8C21.4 64 0 85.4 0 111.8v288.4C0 426.6 21.4 448 47.8 448h288.4c26.4 0 47.8-21.4 47.8-47.8V111.8c0-26.4-21.4-47.8-47.8-47.8zm189.4 37.7L416 177.3v157.4l109.6 75.5c21.2 14.6 50.4-.3 50.4-25.8V127.5c0-25.4-29.1-40.4-50.4-25.8z\"></path></svg><!-- <i class=\"fas fa-video\"></i> --></a><div class=\"supportlbl\"><span>Description</span></div><p></p><p class=\"controls\" aria-hidden=\"false\"><button class=\"nextButton btn-next\" type=\"button\" aria-controls=\"fieldques6\" next-controls=\"fieldques6\" onclick=\"nextbtnclick(this);\">Next</button><button class=\"btn btn-default btn-enter\" type=\"button\" aria-controls=\"fieldques6\" next-controls=\"fieldques6\" onclick=\"enterbtnclick(this);\">Press <span class=\"f-string-em\">Enter</span></button></p></fieldset>',406),(4591,'ques6','<li class=\"ques6\"><a class=\"lielement\" id=\"ques6\" onclick=\"elemclick(this.id);\" data-label=\"videoUpload\"><svg class=\"svg-inline--fa fa-video fa-w-18\" aria-hidden=\"true\" data-prefix=\"fas\" data-icon=\"video\" role=\"img\" xmlns=\"http://www.w3.org/2000/svg\" viewBox=\"0 0 576 512\" data-fa-i2svg=\"\"><path fill=\"currentColor\" d=\"M336.2 64H47.8C21.4 64 0 85.4 0 111.8v288.4C0 426.6 21.4 448 47.8 448h288.4c26.4 0 47.8-21.4 47.8-47.8V111.8c0-26.4-21.4-47.8-47.8-47.8zm189.4 37.7L416 177.3v157.4l109.6 75.5c21.2 14.6 50.4-.3 50.4-25.8V127.5c0-25.4-29.1-40.4-50.4-25.8z\"></path></svg><!-- <i class=\"fas fa-video\"></i> --><span class=\"count\">4 .</span><span class=\"linktext\">Interview Question 2</span></a> <a class=\"delicon\" onclick=\"deleteclick(this);\" data-label=\"fieldques6\" data-value=\"ques6\"><svg class=\"svg-inline--fa fa-trash-alt fa-w-14\" aria-hidden=\"true\" data-prefix=\"far\" data-icon=\"trash-alt\" role=\"img\" xmlns=\"http://www.w3.org/2000/svg\" viewBox=\"0 0 448 512\" data-fa-i2svg=\"\"><path fill=\"currentColor\" d=\"M192 188v216c0 6.627-5.373 12-12 12h-24c-6.627 0-12-5.373-12-12V188c0-6.627 5.373-12 12-12h24c6.627 0 12 5.373 12 12zm100-12h-24c-6.627 0-12 5.373-12 12v216c0 6.627 5.373 12 12 12h24c6.627 0 12-5.373 12-12V188c0-6.627-5.373-12-12-12zm132-96c13.255 0 24 10.745 24 24v12c0 6.627-5.373 12-12 12h-20v336c0 26.51-21.49 48-48 48H80c-26.51 0-48-21.49-48-48V128H12c-6.627 0-12-5.373-12-12v-12c0-13.255 10.745-24 24-24h74.411l34.018-56.696A48 48 0 0 1 173.589 0h100.823a48 48 0 0 1 41.16 23.304L349.589 80H424zm-269.611 0h139.223L276.16 50.913A6 6 0 0 0 271.015 48h-94.028a6 6 0 0 0-5.145 2.913L154.389 80zM368 128H80v330a6 6 0 0 0 6 6h276a6 6 0 0 0 6-6V128z\"></path></svg><!-- <i class=\"far fa-trash-alt\"></i> --></a><a class=\"dupicon\" onclick=\"duplicateclick(this);\" data-label=\"fieldques6\" data-value=\"ques6\"><svg class=\"svg-inline--fa fa-copy fa-w-14\" aria-hidden=\"true\" data-prefix=\"far\" data-icon=\"copy\" role=\"img\" xmlns=\"http://www.w3.org/2000/svg\" viewBox=\"0 0 448 512\" data-fa-i2svg=\"\"><path fill=\"currentColor\" d=\"M433.941 65.941l-51.882-51.882A48 48 0 0 0 348.118 0H176c-26.51 0-48 21.49-48 48v48H48c-26.51 0-48 21.49-48 48v320c0 26.51 21.49 48 48 48h224c26.51 0 48-21.49 48-48v-48h80c26.51 0 48-21.49 48-48V99.882a48 48 0 0 0-14.059-33.941zM266 464H54a6 6 0 0 1-6-6V150a6 6 0 0 1 6-6h74v224c0 26.51 21.49 48 48 48h96v42a6 6 0 0 1-6 6zm128-96H182a6 6 0 0 1-6-6V54a6 6 0 0 1 6-6h106v88c0 13.255 10.745 24 24 24h88v202a6 6 0 0 1-6 6zm6-256h-64V48h9.632c1.591 0 3.117.632 4.243 1.757l48.368 48.368a6 6 0 0 1 1.757 4.243V112z\"></path></svg><!-- <i class=\"far fa-copy\"></i> --></a></li>','<fieldset id=\"fieldques6\" data-type=\"videoUpload\" data-fieldname=\"@videoUploadvideoUpload\" data-column=\"field6\" data-fieldvalue=\"\" data-v-a=\"false\" data-formlock=\"false\" style=\"display: none;\"><p>	<button class=\"removeButton btn-prev\" type=\"button\" aria-controls=\"fieldques5\" prev-controls=\"fieldques5\" onclick=\"prevbtnclick(this);\"><svg class=\"svg-inline--fa fa-arrow-alt-circle-up fa-w-16\" aria-hidden=\"true\" data-prefix=\"far\" data-icon=\"arrow-alt-circle-up\" role=\"img\" xmlns=\"http://www.w3.org/2000/svg\" viewBox=\"0 0 512 512\" data-fa-i2svg=\"\"><path fill=\"currentColor\" d=\"M256 504c137 0 248-111 248-248S393 8 256 8 8 119 8 256s111 248 248 248zm0-448c110.5 0 200 89.5 200 200s-89.5 200-200 200S56 366.5 56 256 145.5 56 256 56zm20 328h-40c-6.6 0-12-5.4-12-12V256h-67c-10.7 0-16-12.9-8.5-20.5l99-99c4.7-4.7 12.3-4.7 17 0l99 99c7.6 7.6 2.2 20.5-8.5 20.5h-67v116c0 6.6-5.4 12-12 12z\"></path></svg><!-- <i class=\"far fa-arrow-alt-circle-up\"></i> -->Return</button></p><p></p><div class=\"lbl\"><span>Interview Question 2</span></div><div class=\"lbla_v\" style=\"display:none;\"><iframe src=\"\" class=\"displaynone\"></iframe> </div><input type=\"text\" class=\"videourl\" data-type=\"link\" value=\"\"><a class=\"videoclck\" onclick=\"videoclick(this);\"><svg class=\"svg-inline--fa fa-video fa-w-18\" aria-hidden=\"true\" data-prefix=\"fas\" data-icon=\"video\" role=\"img\" xmlns=\"http://www.w3.org/2000/svg\" viewBox=\"0 0 576 512\" data-fa-i2svg=\"\"><path fill=\"currentColor\" d=\"M336.2 64H47.8C21.4 64 0 85.4 0 111.8v288.4C0 426.6 21.4 448 47.8 448h288.4c26.4 0 47.8-21.4 47.8-47.8V111.8c0-26.4-21.4-47.8-47.8-47.8zm189.4 37.7L416 177.3v157.4l109.6 75.5c21.2 14.6 50.4-.3 50.4-25.8V127.5c0-25.4-29.1-40.4-50.4-25.8z\"></path></svg><!-- <i class=\"fas fa-video\"></i> --></a><div class=\"supportlbl\"><span>Description</span></div><p></p><p class=\"controls\" aria-hidden=\"false\"><button class=\"nextButton btn-next\" type=\"button\" aria-controls=\"fieldques7\" next-controls=\"fieldques7\" onclick=\"nextbtnclick(this);\">Next</button><button class=\"btn btn-default btn-enter\" type=\"button\" aria-controls=\"fieldques7\" next-controls=\"fieldques7\" onclick=\"enterbtnclick(this);\">Press <span class=\"f-string-em\">Enter</span></button></p></fieldset>',406),(4592,'ques7','<li class=\"ques7\"><a class=\"lielement\" id=\"ques7\" onclick=\"elemclick(this.id);\" data-label=\"videoUpload\"><svg class=\"svg-inline--fa fa-video fa-w-18\" aria-hidden=\"true\" data-prefix=\"fas\" data-icon=\"video\" role=\"img\" xmlns=\"http://www.w3.org/2000/svg\" viewBox=\"0 0 576 512\" data-fa-i2svg=\"\"><path fill=\"currentColor\" d=\"M336.2 64H47.8C21.4 64 0 85.4 0 111.8v288.4C0 426.6 21.4 448 47.8 448h288.4c26.4 0 47.8-21.4 47.8-47.8V111.8c0-26.4-21.4-47.8-47.8-47.8zm189.4 37.7L416 177.3v157.4l109.6 75.5c21.2 14.6 50.4-.3 50.4-25.8V127.5c0-25.4-29.1-40.4-50.4-25.8z\"></path></svg><!-- <i class=\"fas fa-video\"></i> --><span class=\"count\">5 .</span><span class=\"linktext\">Interview Question 3</span></a> <a class=\"delicon\" onclick=\"deleteclick(this);\" data-label=\"fieldques7\" data-value=\"ques7\"><svg class=\"svg-inline--fa fa-trash-alt fa-w-14\" aria-hidden=\"true\" data-prefix=\"far\" data-icon=\"trash-alt\" role=\"img\" xmlns=\"http://www.w3.org/2000/svg\" viewBox=\"0 0 448 512\" data-fa-i2svg=\"\"><path fill=\"currentColor\" d=\"M192 188v216c0 6.627-5.373 12-12 12h-24c-6.627 0-12-5.373-12-12V188c0-6.627 5.373-12 12-12h24c6.627 0 12 5.373 12 12zm100-12h-24c-6.627 0-12 5.373-12 12v216c0 6.627 5.373 12 12 12h24c6.627 0 12-5.373 12-12V188c0-6.627-5.373-12-12-12zm132-96c13.255 0 24 10.745 24 24v12c0 6.627-5.373 12-12 12h-20v336c0 26.51-21.49 48-48 48H80c-26.51 0-48-21.49-48-48V128H12c-6.627 0-12-5.373-12-12v-12c0-13.255 10.745-24 24-24h74.411l34.018-56.696A48 48 0 0 1 173.589 0h100.823a48 48 0 0 1 41.16 23.304L349.589 80H424zm-269.611 0h139.223L276.16 50.913A6 6 0 0 0 271.015 48h-94.028a6 6 0 0 0-5.145 2.913L154.389 80zM368 128H80v330a6 6 0 0 0 6 6h276a6 6 0 0 0 6-6V128z\"></path></svg><!-- <i class=\"far fa-trash-alt\"></i> --></a><a class=\"dupicon\" onclick=\"duplicateclick(this);\" data-label=\"fieldques7\" data-value=\"ques7\"><svg class=\"svg-inline--fa fa-copy fa-w-14\" aria-hidden=\"true\" data-prefix=\"far\" data-icon=\"copy\" role=\"img\" xmlns=\"http://www.w3.org/2000/svg\" viewBox=\"0 0 448 512\" data-fa-i2svg=\"\"><path fill=\"currentColor\" d=\"M433.941 65.941l-51.882-51.882A48 48 0 0 0 348.118 0H176c-26.51 0-48 21.49-48 48v48H48c-26.51 0-48 21.49-48 48v320c0 26.51 21.49 48 48 48h224c26.51 0 48-21.49 48-48v-48h80c26.51 0 48-21.49 48-48V99.882a48 48 0 0 0-14.059-33.941zM266 464H54a6 6 0 0 1-6-6V150a6 6 0 0 1 6-6h74v224c0 26.51 21.49 48 48 48h96v42a6 6 0 0 1-6 6zm128-96H182a6 6 0 0 1-6-6V54a6 6 0 0 1 6-6h106v88c0 13.255 10.745 24 24 24h88v202a6 6 0 0 1-6 6zm6-256h-64V48h9.632c1.591 0 3.117.632 4.243 1.757l48.368 48.368a6 6 0 0 1 1.757 4.243V112z\"></path></svg><!-- <i class=\"far fa-copy\"></i> --></a></li>','<fieldset id=\"fieldques7\" data-type=\"videoUpload\" data-fieldname=\"@videoUploadvideoUpload\" data-column=\"field7\" data-fieldvalue=\"\" data-v-a=\"false\" data-formlock=\"false\" style=\"display: none;\"><p>	<button class=\"removeButton btn-prev\" type=\"button\" aria-controls=\"fieldques6\" prev-controls=\"fieldques6\" onclick=\"prevbtnclick(this);\"><svg class=\"svg-inline--fa fa-arrow-alt-circle-up fa-w-16\" aria-hidden=\"true\" data-prefix=\"far\" data-icon=\"arrow-alt-circle-up\" role=\"img\" xmlns=\"http://www.w3.org/2000/svg\" viewBox=\"0 0 512 512\" data-fa-i2svg=\"\"><path fill=\"currentColor\" d=\"M256 504c137 0 248-111 248-248S393 8 256 8 8 119 8 256s111 248 248 248zm0-448c110.5 0 200 89.5 200 200s-89.5 200-200 200S56 366.5 56 256 145.5 56 256 56zm20 328h-40c-6.6 0-12-5.4-12-12V256h-67c-10.7 0-16-12.9-8.5-20.5l99-99c4.7-4.7 12.3-4.7 17 0l99 99c7.6 7.6 2.2 20.5-8.5 20.5h-67v116c0 6.6-5.4 12-12 12z\"></path></svg><!-- <i class=\"far fa-arrow-alt-circle-up\"></i> -->Return</button></p><p></p><div class=\"lbl\"><span>Interview Question 3</span></div><div class=\"lbla_v\" style=\"display:none;\"><iframe src=\"\" class=\"displaynone\"></iframe> </div><input type=\"text\" class=\"videourl\" data-type=\"link\" value=\"\"><a class=\"videoclck\" onclick=\"videoclick(this);\"><svg class=\"svg-inline--fa fa-video fa-w-18\" aria-hidden=\"true\" data-prefix=\"fas\" data-icon=\"video\" role=\"img\" xmlns=\"http://www.w3.org/2000/svg\" viewBox=\"0 0 576 512\" data-fa-i2svg=\"\"><path fill=\"currentColor\" d=\"M336.2 64H47.8C21.4 64 0 85.4 0 111.8v288.4C0 426.6 21.4 448 47.8 448h288.4c26.4 0 47.8-21.4 47.8-47.8V111.8c0-26.4-21.4-47.8-47.8-47.8zm189.4 37.7L416 177.3v157.4l109.6 75.5c21.2 14.6 50.4-.3 50.4-25.8V127.5c0-25.4-29.1-40.4-50.4-25.8z\"></path></svg><!-- <i class=\"fas fa-video\"></i> --></a><div class=\"supportlbl\"><span>Description</span></div><p></p><p class=\"controls\" aria-hidden=\"false\"><button class=\"nextButton btn-next\" type=\"button\" aria-controls=\"fieldques8\" next-controls=\"fieldques8\" onclick=\"nextbtnclick(this);\">Next</button><button class=\"btn btn-default btn-enter\" type=\"button\" aria-controls=\"fieldques8\" next-controls=\"fieldques8\" onclick=\"enterbtnclick(this);\">Press <span class=\"f-string-em\">Enter</span></button></p></fieldset>',406),(4593,'ques8','<li class=\"ques8\"><a class=\"lielement\" id=\"ques8\" onclick=\"elemclick(this.id);\" data-label=\"videoUpload\"><svg class=\"svg-inline--fa fa-video fa-w-18\" aria-hidden=\"true\" data-prefix=\"fas\" data-icon=\"video\" role=\"img\" xmlns=\"http://www.w3.org/2000/svg\" viewBox=\"0 0 576 512\" data-fa-i2svg=\"\"><path fill=\"currentColor\" d=\"M336.2 64H47.8C21.4 64 0 85.4 0 111.8v288.4C0 426.6 21.4 448 47.8 448h288.4c26.4 0 47.8-21.4 47.8-47.8V111.8c0-26.4-21.4-47.8-47.8-47.8zm189.4 37.7L416 177.3v157.4l109.6 75.5c21.2 14.6 50.4-.3 50.4-25.8V127.5c0-25.4-29.1-40.4-50.4-25.8z\"></path></svg><!-- <i class=\"fas fa-video\"></i> --><span class=\"count\">6 .</span><span class=\"linktext\">Interview Question 4</span></a> <a class=\"delicon\" onclick=\"deleteclick(this);\" data-label=\"fieldques8\" data-value=\"ques8\"><svg class=\"svg-inline--fa fa-trash-alt fa-w-14\" aria-hidden=\"true\" data-prefix=\"far\" data-icon=\"trash-alt\" role=\"img\" xmlns=\"http://www.w3.org/2000/svg\" viewBox=\"0 0 448 512\" data-fa-i2svg=\"\"><path fill=\"currentColor\" d=\"M192 188v216c0 6.627-5.373 12-12 12h-24c-6.627 0-12-5.373-12-12V188c0-6.627 5.373-12 12-12h24c6.627 0 12 5.373 12 12zm100-12h-24c-6.627 0-12 5.373-12 12v216c0 6.627 5.373 12 12 12h24c6.627 0 12-5.373 12-12V188c0-6.627-5.373-12-12-12zm132-96c13.255 0 24 10.745 24 24v12c0 6.627-5.373 12-12 12h-20v336c0 26.51-21.49 48-48 48H80c-26.51 0-48-21.49-48-48V128H12c-6.627 0-12-5.373-12-12v-12c0-13.255 10.745-24 24-24h74.411l34.018-56.696A48 48 0 0 1 173.589 0h100.823a48 48 0 0 1 41.16 23.304L349.589 80H424zm-269.611 0h139.223L276.16 50.913A6 6 0 0 0 271.015 48h-94.028a6 6 0 0 0-5.145 2.913L154.389 80zM368 128H80v330a6 6 0 0 0 6 6h276a6 6 0 0 0 6-6V128z\"></path></svg><!-- <i class=\"far fa-trash-alt\"></i> --></a><a class=\"dupicon\" onclick=\"duplicateclick(this);\" data-label=\"fieldques8\" data-value=\"ques8\"><svg class=\"svg-inline--fa fa-copy fa-w-14\" aria-hidden=\"true\" data-prefix=\"far\" data-icon=\"copy\" role=\"img\" xmlns=\"http://www.w3.org/2000/svg\" viewBox=\"0 0 448 512\" data-fa-i2svg=\"\"><path fill=\"currentColor\" d=\"M433.941 65.941l-51.882-51.882A48 48 0 0 0 348.118 0H176c-26.51 0-48 21.49-48 48v48H48c-26.51 0-48 21.49-48 48v320c0 26.51 21.49 48 48 48h224c26.51 0 48-21.49 48-48v-48h80c26.51 0 48-21.49 48-48V99.882a48 48 0 0 0-14.059-33.941zM266 464H54a6 6 0 0 1-6-6V150a6 6 0 0 1 6-6h74v224c0 26.51 21.49 48 48 48h96v42a6 6 0 0 1-6 6zm128-96H182a6 6 0 0 1-6-6V54a6 6 0 0 1 6-6h106v88c0 13.255 10.745 24 24 24h88v202a6 6 0 0 1-6 6zm6-256h-64V48h9.632c1.591 0 3.117.632 4.243 1.757l48.368 48.368a6 6 0 0 1 1.757 4.243V112z\"></path></svg><!-- <i class=\"far fa-copy\"></i> --></a></li>','<fieldset id=\"fieldques8\" data-type=\"videoUpload\" data-fieldname=\"@videoUploadvideoUpload\" data-column=\"field8\" data-fieldvalue=\"\" data-v-a=\"false\" data-formlock=\"false\" style=\"display: none;\"><p>	<button class=\"removeButton btn-prev\" type=\"button\" aria-controls=\"fieldques7\" prev-controls=\"fieldques7\" onclick=\"prevbtnclick(this);\"><svg class=\"svg-inline--fa fa-arrow-alt-circle-up fa-w-16\" aria-hidden=\"true\" data-prefix=\"far\" data-icon=\"arrow-alt-circle-up\" role=\"img\" xmlns=\"http://www.w3.org/2000/svg\" viewBox=\"0 0 512 512\" data-fa-i2svg=\"\"><path fill=\"currentColor\" d=\"M256 504c137 0 248-111 248-248S393 8 256 8 8 119 8 256s111 248 248 248zm0-448c110.5 0 200 89.5 200 200s-89.5 200-200 200S56 366.5 56 256 145.5 56 256 56zm20 328h-40c-6.6 0-12-5.4-12-12V256h-67c-10.7 0-16-12.9-8.5-20.5l99-99c4.7-4.7 12.3-4.7 17 0l99 99c7.6 7.6 2.2 20.5-8.5 20.5h-67v116c0 6.6-5.4 12-12 12z\"></path></svg><!-- <i class=\"far fa-arrow-alt-circle-up\"></i> -->Return</button></p><p></p><div class=\"lbl\"><span>Interview Question 4</span></div><div class=\"lbla_v\" style=\"display:none;\"><iframe src=\"\" class=\"displaynone\"></iframe> </div><input type=\"text\" class=\"videourl\" data-type=\"link\" value=\"\"><a class=\"videoclck\" onclick=\"videoclick(this);\"><svg class=\"svg-inline--fa fa-video fa-w-18\" aria-hidden=\"true\" data-prefix=\"fas\" data-icon=\"video\" role=\"img\" xmlns=\"http://www.w3.org/2000/svg\" viewBox=\"0 0 576 512\" data-fa-i2svg=\"\"><path fill=\"currentColor\" d=\"M336.2 64H47.8C21.4 64 0 85.4 0 111.8v288.4C0 426.6 21.4 448 47.8 448h288.4c26.4 0 47.8-21.4 47.8-47.8V111.8c0-26.4-21.4-47.8-47.8-47.8zm189.4 37.7L416 177.3v157.4l109.6 75.5c21.2 14.6 50.4-.3 50.4-25.8V127.5c0-25.4-29.1-40.4-50.4-25.8z\"></path></svg><!-- <i class=\"fas fa-video\"></i> --></a><div class=\"supportlbl\"><span>Description</span></div><p></p><p class=\"controls\" aria-hidden=\"false\"><button class=\"nextButton btn-next\" type=\"button\" aria-controls=\"fieldques9\" next-controls=\"fieldques9\" onclick=\"nextbtnclick(this);\">Next</button><button class=\"btn btn-default btn-enter\" type=\"button\" aria-controls=\"fieldques9\" next-controls=\"fieldques9\" onclick=\"enterbtnclick(this);\">Press <span class=\"f-string-em\">Enter</span></button></p></fieldset>',406),(4594,'ques9','<li class=\"ques9\"><a class=\"lielement\" id=\"ques9\" onclick=\"elemclick(this.id);\" data-label=\"videoUpload\"><svg class=\"svg-inline--fa fa-video fa-w-18\" aria-hidden=\"true\" data-prefix=\"fas\" data-icon=\"video\" role=\"img\" xmlns=\"http://www.w3.org/2000/svg\" viewBox=\"0 0 576 512\" data-fa-i2svg=\"\"><path fill=\"currentColor\" d=\"M336.2 64H47.8C21.4 64 0 85.4 0 111.8v288.4C0 426.6 21.4 448 47.8 448h288.4c26.4 0 47.8-21.4 47.8-47.8V111.8c0-26.4-21.4-47.8-47.8-47.8zm189.4 37.7L416 177.3v157.4l109.6 75.5c21.2 14.6 50.4-.3 50.4-25.8V127.5c0-25.4-29.1-40.4-50.4-25.8z\"></path></svg><!-- <i class=\"fas fa-video\"></i> --><span class=\"count\">7 .</span><span class=\"linktext\">Interview Question 5</span></a> <a class=\"delicon\" onclick=\"deleteclick(this);\" data-label=\"fieldques9\" data-value=\"ques9\"><svg class=\"svg-inline--fa fa-trash-alt fa-w-14\" aria-hidden=\"true\" data-prefix=\"far\" data-icon=\"trash-alt\" role=\"img\" xmlns=\"http://www.w3.org/2000/svg\" viewBox=\"0 0 448 512\" data-fa-i2svg=\"\"><path fill=\"currentColor\" d=\"M192 188v216c0 6.627-5.373 12-12 12h-24c-6.627 0-12-5.373-12-12V188c0-6.627 5.373-12 12-12h24c6.627 0 12 5.373 12 12zm100-12h-24c-6.627 0-12 5.373-12 12v216c0 6.627 5.373 12 12 12h24c6.627 0 12-5.373 12-12V188c0-6.627-5.373-12-12-12zm132-96c13.255 0 24 10.745 24 24v12c0 6.627-5.373 12-12 12h-20v336c0 26.51-21.49 48-48 48H80c-26.51 0-48-21.49-48-48V128H12c-6.627 0-12-5.373-12-12v-12c0-13.255 10.745-24 24-24h74.411l34.018-56.696A48 48 0 0 1 173.589 0h100.823a48 48 0 0 1 41.16 23.304L349.589 80H424zm-269.611 0h139.223L276.16 50.913A6 6 0 0 0 271.015 48h-94.028a6 6 0 0 0-5.145 2.913L154.389 80zM368 128H80v330a6 6 0 0 0 6 6h276a6 6 0 0 0 6-6V128z\"></path></svg><!-- <i class=\"far fa-trash-alt\"></i> --></a><a class=\"dupicon\" onclick=\"duplicateclick(this);\" data-label=\"fieldques9\" data-value=\"ques9\"><svg class=\"svg-inline--fa fa-copy fa-w-14\" aria-hidden=\"true\" data-prefix=\"far\" data-icon=\"copy\" role=\"img\" xmlns=\"http://www.w3.org/2000/svg\" viewBox=\"0 0 448 512\" data-fa-i2svg=\"\"><path fill=\"currentColor\" d=\"M433.941 65.941l-51.882-51.882A48 48 0 0 0 348.118 0H176c-26.51 0-48 21.49-48 48v48H48c-26.51 0-48 21.49-48 48v320c0 26.51 21.49 48 48 48h224c26.51 0 48-21.49 48-48v-48h80c26.51 0 48-21.49 48-48V99.882a48 48 0 0 0-14.059-33.941zM266 464H54a6 6 0 0 1-6-6V150a6 6 0 0 1 6-6h74v224c0 26.51 21.49 48 48 48h96v42a6 6 0 0 1-6 6zm128-96H182a6 6 0 0 1-6-6V54a6 6 0 0 1 6-6h106v88c0 13.255 10.745 24 24 24h88v202a6 6 0 0 1-6 6zm6-256h-64V48h9.632c1.591 0 3.117.632 4.243 1.757l48.368 48.368a6 6 0 0 1 1.757 4.243V112z\"></path></svg><!-- <i class=\"far fa-copy\"></i> --></a></li>','<fieldset id=\"fieldques9\" data-type=\"videoUpload\" data-fieldname=\"@videoUploadvideoUpload\" data-column=\"field9\" data-fieldvalue=\"\" data-v-a=\"false\" data-formlock=\"false\" style=\"display: none;\"><p>	<button class=\"removeButton btn-prev\" type=\"button\" aria-controls=\"fieldques8\" prev-controls=\"fieldques8\" onclick=\"prevbtnclick(this);\"><svg class=\"svg-inline--fa fa-arrow-alt-circle-up fa-w-16\" aria-hidden=\"true\" data-prefix=\"far\" data-icon=\"arrow-alt-circle-up\" role=\"img\" xmlns=\"http://www.w3.org/2000/svg\" viewBox=\"0 0 512 512\" data-fa-i2svg=\"\"><path fill=\"currentColor\" d=\"M256 504c137 0 248-111 248-248S393 8 256 8 8 119 8 256s111 248 248 248zm0-448c110.5 0 200 89.5 200 200s-89.5 200-200 200S56 366.5 56 256 145.5 56 256 56zm20 328h-40c-6.6 0-12-5.4-12-12V256h-67c-10.7 0-16-12.9-8.5-20.5l99-99c4.7-4.7 12.3-4.7 17 0l99 99c7.6 7.6 2.2 20.5-8.5 20.5h-67v116c0 6.6-5.4 12-12 12z\"></path></svg><!-- <i class=\"far fa-arrow-alt-circle-up\"></i> -->Return</button></p><p></p><div class=\"lbl\"><span>Interview Question 5</span></div><div class=\"lbla_v\" style=\"display:none;\"><iframe src=\"\" class=\"displaynone\"></iframe> </div><input type=\"text\" class=\"videourl\" data-type=\"link\" value=\"\"><a class=\"videoclck\" onclick=\"videoclick(this);\"><svg class=\"svg-inline--fa fa-video fa-w-18\" aria-hidden=\"true\" data-prefix=\"fas\" data-icon=\"video\" role=\"img\" xmlns=\"http://www.w3.org/2000/svg\" viewBox=\"0 0 576 512\" data-fa-i2svg=\"\"><path fill=\"currentColor\" d=\"M336.2 64H47.8C21.4 64 0 85.4 0 111.8v288.4C0 426.6 21.4 448 47.8 448h288.4c26.4 0 47.8-21.4 47.8-47.8V111.8c0-26.4-21.4-47.8-47.8-47.8zm189.4 37.7L416 177.3v157.4l109.6 75.5c21.2 14.6 50.4-.3 50.4-25.8V127.5c0-25.4-29.1-40.4-50.4-25.8z\"></path></svg><!-- <i class=\"fas fa-video\"></i> --></a><div class=\"supportlbl\"><span>Description</span></div><p></p><p class=\"controls\" aria-hidden=\"false\"><button class=\"nextButton btn-next\" type=\"button\" aria-controls=\"fieldques10\" next-controls=\"fieldques10\" onclick=\"nextbtnclick(this);\">Next</button><button class=\"btn btn-default btn-enter\" type=\"button\" aria-controls=\"fieldques10\" next-controls=\"fieldques10\" onclick=\"enterbtnclick(this);\">Press <span class=\"f-string-em\">Enter</span></button></p></fieldset>',406),(4595,'ques10','<li class=\"ques10\"><a class=\"lielement\" id=\"ques10\" onclick=\"elemclick(this.id);\" data-label=\"videoUpload\"><svg class=\"svg-inline--fa fa-video fa-w-18\" aria-hidden=\"true\" data-prefix=\"fas\" data-icon=\"video\" role=\"img\" xmlns=\"http://www.w3.org/2000/svg\" viewBox=\"0 0 576 512\" data-fa-i2svg=\"\"><path fill=\"currentColor\" d=\"M336.2 64H47.8C21.4 64 0 85.4 0 111.8v288.4C0 426.6 21.4 448 47.8 448h288.4c26.4 0 47.8-21.4 47.8-47.8V111.8c0-26.4-21.4-47.8-47.8-47.8zm189.4 37.7L416 177.3v157.4l109.6 75.5c21.2 14.6 50.4-.3 50.4-25.8V127.5c0-25.4-29.1-40.4-50.4-25.8z\"></path></svg><!-- <i class=\"fas fa-video\"></i> --><span class=\"count\">8 .</span><span class=\"linktext\">Interview Question 6</span></a> <a class=\"delicon\" onclick=\"deleteclick(this);\" data-label=\"fieldques10\" data-value=\"ques10\"><svg class=\"svg-inline--fa fa-trash-alt fa-w-14\" aria-hidden=\"true\" data-prefix=\"far\" data-icon=\"trash-alt\" role=\"img\" xmlns=\"http://www.w3.org/2000/svg\" viewBox=\"0 0 448 512\" data-fa-i2svg=\"\"><path fill=\"currentColor\" d=\"M192 188v216c0 6.627-5.373 12-12 12h-24c-6.627 0-12-5.373-12-12V188c0-6.627 5.373-12 12-12h24c6.627 0 12 5.373 12 12zm100-12h-24c-6.627 0-12 5.373-12 12v216c0 6.627 5.373 12 12 12h24c6.627 0 12-5.373 12-12V188c0-6.627-5.373-12-12-12zm132-96c13.255 0 24 10.745 24 24v12c0 6.627-5.373 12-12 12h-20v336c0 26.51-21.49 48-48 48H80c-26.51 0-48-21.49-48-48V128H12c-6.627 0-12-5.373-12-12v-12c0-13.255 10.745-24 24-24h74.411l34.018-56.696A48 48 0 0 1 173.589 0h100.823a48 48 0 0 1 41.16 23.304L349.589 80H424zm-269.611 0h139.223L276.16 50.913A6 6 0 0 0 271.015 48h-94.028a6 6 0 0 0-5.145 2.913L154.389 80zM368 128H80v330a6 6 0 0 0 6 6h276a6 6 0 0 0 6-6V128z\"></path></svg><!-- <i class=\"far fa-trash-alt\"></i> --></a><a class=\"dupicon\" onclick=\"duplicateclick(this);\" data-label=\"fieldques10\" data-value=\"ques10\"><svg class=\"svg-inline--fa fa-copy fa-w-14\" aria-hidden=\"true\" data-prefix=\"far\" data-icon=\"copy\" role=\"img\" xmlns=\"http://www.w3.org/2000/svg\" viewBox=\"0 0 448 512\" data-fa-i2svg=\"\"><path fill=\"currentColor\" d=\"M433.941 65.941l-51.882-51.882A48 48 0 0 0 348.118 0H176c-26.51 0-48 21.49-48 48v48H48c-26.51 0-48 21.49-48 48v320c0 26.51 21.49 48 48 48h224c26.51 0 48-21.49 48-48v-48h80c26.51 0 48-21.49 48-48V99.882a48 48 0 0 0-14.059-33.941zM266 464H54a6 6 0 0 1-6-6V150a6 6 0 0 1 6-6h74v224c0 26.51 21.49 48 48 48h96v42a6 6 0 0 1-6 6zm128-96H182a6 6 0 0 1-6-6V54a6 6 0 0 1 6-6h106v88c0 13.255 10.745 24 24 24h88v202a6 6 0 0 1-6 6zm6-256h-64V48h9.632c1.591 0 3.117.632 4.243 1.757l48.368 48.368a6 6 0 0 1 1.757 4.243V112z\"></path></svg><!-- <i class=\"far fa-copy\"></i> --></a></li>','<fieldset id=\"fieldques10\" data-type=\"videoUpload\" data-fieldname=\"@videoUploadvideoUpload\" data-column=\"field10\" data-fieldvalue=\"\" data-v-a=\"false\" data-formlock=\"false\" style=\"display: none;\"><p>	<button class=\"removeButton btn-prev\" type=\"button\" aria-controls=\"fieldques9\" prev-controls=\"fieldques9\" onclick=\"prevbtnclick(this);\"><svg class=\"svg-inline--fa fa-arrow-alt-circle-up fa-w-16\" aria-hidden=\"true\" data-prefix=\"far\" data-icon=\"arrow-alt-circle-up\" role=\"img\" xmlns=\"http://www.w3.org/2000/svg\" viewBox=\"0 0 512 512\" data-fa-i2svg=\"\"><path fill=\"currentColor\" d=\"M256 504c137 0 248-111 248-248S393 8 256 8 8 119 8 256s111 248 248 248zm0-448c110.5 0 200 89.5 200 200s-89.5 200-200 200S56 366.5 56 256 145.5 56 256 56zm20 328h-40c-6.6 0-12-5.4-12-12V256h-67c-10.7 0-16-12.9-8.5-20.5l99-99c4.7-4.7 12.3-4.7 17 0l99 99c7.6 7.6 2.2 20.5-8.5 20.5h-67v116c0 6.6-5.4 12-12 12z\"></path></svg><!-- <i class=\"far fa-arrow-alt-circle-up\"></i> -->Return</button></p><p></p><div class=\"lbl\"><span>Interview Question 6</span></div><div class=\"lbla_v\" style=\"display:none;\"><iframe src=\"\" class=\"displaynone\"></iframe> </div><input type=\"text\" class=\"videourl\" data-type=\"link\" value=\"\"><a class=\"videoclck\" onclick=\"videoclick(this);\"><svg class=\"svg-inline--fa fa-video fa-w-18\" aria-hidden=\"true\" data-prefix=\"fas\" data-icon=\"video\" role=\"img\" xmlns=\"http://www.w3.org/2000/svg\" viewBox=\"0 0 576 512\" data-fa-i2svg=\"\"><path fill=\"currentColor\" d=\"M336.2 64H47.8C21.4 64 0 85.4 0 111.8v288.4C0 426.6 21.4 448 47.8 448h288.4c26.4 0 47.8-21.4 47.8-47.8V111.8c0-26.4-21.4-47.8-47.8-47.8zm189.4 37.7L416 177.3v157.4l109.6 75.5c21.2 14.6 50.4-.3 50.4-25.8V127.5c0-25.4-29.1-40.4-50.4-25.8z\"></path></svg><!-- <i class=\"fas fa-video\"></i> --></a><div class=\"supportlbl\"><span>Description</span></div><p></p><p class=\"controls\" aria-hidden=\"false\"><button class=\"nextButton btn-next\" type=\"button\" aria-controls=\"fieldques11\" next-controls=\"fieldques11\" onclick=\"nextbtnclick(this);\">Next</button><button class=\"btn btn-default btn-enter\" type=\"button\" aria-controls=\"fieldques11\" next-controls=\"fieldques11\" onclick=\"enterbtnclick(this);\">Press <span class=\"f-string-em\">Enter</span></button></p></fieldset>',406),(4596,'ques11','<li class=\"ques11\"><a class=\"lielement\" id=\"ques11\" onclick=\"elemclick(this.id);\" data-label=\"videoUpload\"><svg class=\"svg-inline--fa fa-video fa-w-18\" aria-hidden=\"true\" data-prefix=\"fas\" data-icon=\"video\" role=\"img\" xmlns=\"http://www.w3.org/2000/svg\" viewBox=\"0 0 576 512\" data-fa-i2svg=\"\"><path fill=\"currentColor\" d=\"M336.2 64H47.8C21.4 64 0 85.4 0 111.8v288.4C0 426.6 21.4 448 47.8 448h288.4c26.4 0 47.8-21.4 47.8-47.8V111.8c0-26.4-21.4-47.8-47.8-47.8zm189.4 37.7L416 177.3v157.4l109.6 75.5c21.2 14.6 50.4-.3 50.4-25.8V127.5c0-25.4-29.1-40.4-50.4-25.8z\"></path></svg><!-- <i class=\"fas fa-video\"></i> --><span class=\"count\">9 .</span><span class=\"linktext\">Interview Question 7</span></a> <a class=\"delicon\" onclick=\"deleteclick(this);\" data-label=\"fieldques11\" data-value=\"ques11\"><svg class=\"svg-inline--fa fa-trash-alt fa-w-14\" aria-hidden=\"true\" data-prefix=\"far\" data-icon=\"trash-alt\" role=\"img\" xmlns=\"http://www.w3.org/2000/svg\" viewBox=\"0 0 448 512\" data-fa-i2svg=\"\"><path fill=\"currentColor\" d=\"M192 188v216c0 6.627-5.373 12-12 12h-24c-6.627 0-12-5.373-12-12V188c0-6.627 5.373-12 12-12h24c6.627 0 12 5.373 12 12zm100-12h-24c-6.627 0-12 5.373-12 12v216c0 6.627 5.373 12 12 12h24c6.627 0 12-5.373 12-12V188c0-6.627-5.373-12-12-12zm132-96c13.255 0 24 10.745 24 24v12c0 6.627-5.373 12-12 12h-20v336c0 26.51-21.49 48-48 48H80c-26.51 0-48-21.49-48-48V128H12c-6.627 0-12-5.373-12-12v-12c0-13.255 10.745-24 24-24h74.411l34.018-56.696A48 48 0 0 1 173.589 0h100.823a48 48 0 0 1 41.16 23.304L349.589 80H424zm-269.611 0h139.223L276.16 50.913A6 6 0 0 0 271.015 48h-94.028a6 6 0 0 0-5.145 2.913L154.389 80zM368 128H80v330a6 6 0 0 0 6 6h276a6 6 0 0 0 6-6V128z\"></path></svg><!-- <i class=\"far fa-trash-alt\"></i> --></a><a class=\"dupicon\" onclick=\"duplicateclick(this);\" data-label=\"fieldques11\" data-value=\"ques11\"><svg class=\"svg-inline--fa fa-copy fa-w-14\" aria-hidden=\"true\" data-prefix=\"far\" data-icon=\"copy\" role=\"img\" xmlns=\"http://www.w3.org/2000/svg\" viewBox=\"0 0 448 512\" data-fa-i2svg=\"\"><path fill=\"currentColor\" d=\"M433.941 65.941l-51.882-51.882A48 48 0 0 0 348.118 0H176c-26.51 0-48 21.49-48 48v48H48c-26.51 0-48 21.49-48 48v320c0 26.51 21.49 48 48 48h224c26.51 0 48-21.49 48-48v-48h80c26.51 0 48-21.49 48-48V99.882a48 48 0 0 0-14.059-33.941zM266 464H54a6 6 0 0 1-6-6V150a6 6 0 0 1 6-6h74v224c0 26.51 21.49 48 48 48h96v42a6 6 0 0 1-6 6zm128-96H182a6 6 0 0 1-6-6V54a6 6 0 0 1 6-6h106v88c0 13.255 10.745 24 24 24h88v202a6 6 0 0 1-6 6zm6-256h-64V48h9.632c1.591 0 3.117.632 4.243 1.757l48.368 48.368a6 6 0 0 1 1.757 4.243V112z\"></path></svg><!-- <i class=\"far fa-copy\"></i> --></a></li>','<fieldset id=\"fieldques11\" data-type=\"videoUpload\" data-fieldname=\"@videoUploadvideoUpload\" data-column=\"field11\" data-fieldvalue=\"\" data-v-a=\"false\" data-formlock=\"false\" style=\"display: none;\"><p>	<button class=\"removeButton btn-prev\" type=\"button\" aria-controls=\"fieldques10\" prev-controls=\"fieldques10\" onclick=\"prevbtnclick(this);\"><svg class=\"svg-inline--fa fa-arrow-alt-circle-up fa-w-16\" aria-hidden=\"true\" data-prefix=\"far\" data-icon=\"arrow-alt-circle-up\" role=\"img\" xmlns=\"http://www.w3.org/2000/svg\" viewBox=\"0 0 512 512\" data-fa-i2svg=\"\"><path fill=\"currentColor\" d=\"M256 504c137 0 248-111 248-248S393 8 256 8 8 119 8 256s111 248 248 248zm0-448c110.5 0 200 89.5 200 200s-89.5 200-200 200S56 366.5 56 256 145.5 56 256 56zm20 328h-40c-6.6 0-12-5.4-12-12V256h-67c-10.7 0-16-12.9-8.5-20.5l99-99c4.7-4.7 12.3-4.7 17 0l99 99c7.6 7.6 2.2 20.5-8.5 20.5h-67v116c0 6.6-5.4 12-12 12z\"></path></svg><!-- <i class=\"far fa-arrow-alt-circle-up\"></i> -->Return</button></p><p></p><div class=\"lbl\"><span>Interview Question 7</span></div><div class=\"lbla_v\" style=\"display:none;\"><iframe src=\"\" class=\"displaynone\"></iframe> </div><input type=\"text\" class=\"videourl\" data-type=\"link\" value=\"\"><a class=\"videoclck\" onclick=\"videoclick(this);\"><svg class=\"svg-inline--fa fa-video fa-w-18\" aria-hidden=\"true\" data-prefix=\"fas\" data-icon=\"video\" role=\"img\" xmlns=\"http://www.w3.org/2000/svg\" viewBox=\"0 0 576 512\" data-fa-i2svg=\"\"><path fill=\"currentColor\" d=\"M336.2 64H47.8C21.4 64 0 85.4 0 111.8v288.4C0 426.6 21.4 448 47.8 448h288.4c26.4 0 47.8-21.4 47.8-47.8V111.8c0-26.4-21.4-47.8-47.8-47.8zm189.4 37.7L416 177.3v157.4l109.6 75.5c21.2 14.6 50.4-.3 50.4-25.8V127.5c0-25.4-29.1-40.4-50.4-25.8z\"></path></svg><!-- <i class=\"fas fa-video\"></i> --></a><div class=\"supportlbl\"><span>Description</span></div><p></p><p class=\"controls\" aria-hidden=\"false\"><button class=\"nextButton btn-next\" type=\"button\" aria-controls=\"fieldques12\" next-controls=\"fieldques12\" onclick=\"nextbtnclick(this);\">Next</button><button class=\"btn btn-default btn-enter\" type=\"button\" aria-controls=\"fieldques12\" next-controls=\"fieldques12\" onclick=\"enterbtnclick(this);\">Press <span class=\"f-string-em\">Enter</span></button></p></fieldset>',406),(4597,'ques12','<li class=\"ques12\"><a class=\"lielement\" id=\"ques12\" onclick=\"elemclick(this.id);\" data-label=\"emailAddress\"><svg class=\"svg-inline--fa fa-envelope fa-w-16\" aria-hidden=\"true\" data-prefix=\"far\" data-icon=\"envelope\" role=\"img\" xmlns=\"http://www.w3.org/2000/svg\" viewBox=\"0 0 512 512\" data-fa-i2svg=\"\"><path fill=\"currentColor\" d=\"M464 64H48C21.49 64 0 85.49 0 112v288c0 26.51 21.49 48 48 48h416c26.51 0 48-21.49 48-48V112c0-26.51-21.49-48-48-48zm0 48v40.805c-22.422 18.259-58.168 46.651-134.587 106.49-16.841 13.247-50.201 45.072-73.413 44.701-23.208.375-56.579-31.459-73.413-44.701C106.18 199.465 70.425 171.067 48 152.805V112h416zM48 400V214.398c22.914 18.251 55.409 43.862 104.938 82.646 21.857 17.205 60.134 55.186 103.062 54.955 42.717.231 80.509-37.199 103.053-54.947 49.528-38.783 82.032-64.401 104.947-82.653V400H48z\"></path></svg><!-- <i class=\"far fa-envelope\"></i> --><span class=\"count\">10 .</span><span class=\"linktext\">Nominee Email</span></a> <a class=\"delicon\" onclick=\"deleteclick(this);\" data-label=\"fieldques12\" data-value=\"ques12\"><svg class=\"svg-inline--fa fa-trash-alt fa-w-14\" aria-hidden=\"true\" data-prefix=\"far\" data-icon=\"trash-alt\" role=\"img\" xmlns=\"http://www.w3.org/2000/svg\" viewBox=\"0 0 448 512\" data-fa-i2svg=\"\"><path fill=\"currentColor\" d=\"M192 188v216c0 6.627-5.373 12-12 12h-24c-6.627 0-12-5.373-12-12V188c0-6.627 5.373-12 12-12h24c6.627 0 12 5.373 12 12zm100-12h-24c-6.627 0-12 5.373-12 12v216c0 6.627 5.373 12 12 12h24c6.627 0 12-5.373 12-12V188c0-6.627-5.373-12-12-12zm132-96c13.255 0 24 10.745 24 24v12c0 6.627-5.373 12-12 12h-20v336c0 26.51-21.49 48-48 48H80c-26.51 0-48-21.49-48-48V128H12c-6.627 0-12-5.373-12-12v-12c0-13.255 10.745-24 24-24h74.411l34.018-56.696A48 48 0 0 1 173.589 0h100.823a48 48 0 0 1 41.16 23.304L349.589 80H424zm-269.611 0h139.223L276.16 50.913A6 6 0 0 0 271.015 48h-94.028a6 6 0 0 0-5.145 2.913L154.389 80zM368 128H80v330a6 6 0 0 0 6 6h276a6 6 0 0 0 6-6V128z\"></path></svg><!-- <i class=\"far fa-trash-alt\"></i> --></a><a class=\"dupicon\" onclick=\"duplicateclick(this);\" data-label=\"fieldques12\" data-value=\"ques12\"><svg class=\"svg-inline--fa fa-copy fa-w-14\" aria-hidden=\"true\" data-prefix=\"far\" data-icon=\"copy\" role=\"img\" xmlns=\"http://www.w3.org/2000/svg\" viewBox=\"0 0 448 512\" data-fa-i2svg=\"\"><path fill=\"currentColor\" d=\"M433.941 65.941l-51.882-51.882A48 48 0 0 0 348.118 0H176c-26.51 0-48 21.49-48 48v48H48c-26.51 0-48 21.49-48 48v320c0 26.51 21.49 48 48 48h224c26.51 0 48-21.49 48-48v-48h80c26.51 0 48-21.49 48-48V99.882a48 48 0 0 0-14.059-33.941zM266 464H54a6 6 0 0 1-6-6V150a6 6 0 0 1 6-6h74v224c0 26.51 21.49 48 48 48h96v42a6 6 0 0 1-6 6zm128-96H182a6 6 0 0 1-6-6V54a6 6 0 0 1 6-6h106v88c0 13.255 10.745 24 24 24h88v202a6 6 0 0 1-6 6zm6-256h-64V48h9.632c1.591 0 3.117.632 4.243 1.757l48.368 48.368a6 6 0 0 1 1.757 4.243V112z\"></path></svg><!-- <i class=\"far fa-copy\"></i> --></a></li>','<fieldset id=\"fieldques12\" data-type=\"emailAddress\" data-fieldname=\"@emailAddressemailAddress\" data-column=\"field12\" data-fieldvalue=\"\" data-v-a=\"false\" data-formlock=\"false\" style=\"display: none;\"><p>	<button class=\"removeButton btn-prev\" type=\"button\" aria-controls=\"fieldques11\" prev-controls=\"fieldques12\" onclick=\"prevbtnclick(this);\"><svg class=\"svg-inline--fa fa-arrow-alt-circle-up fa-w-16\" aria-hidden=\"true\" data-prefix=\"far\" data-icon=\"arrow-alt-circle-up\" role=\"img\" xmlns=\"http://www.w3.org/2000/svg\" viewBox=\"0 0 512 512\" data-fa-i2svg=\"\"><path fill=\"currentColor\" d=\"M256 504c137 0 248-111 248-248S393 8 256 8 8 119 8 256s111 248 248 248zm0-448c110.5 0 200 89.5 200 200s-89.5 200-200 200S56 366.5 56 256 145.5 56 256 56zm20 328h-40c-6.6 0-12-5.4-12-12V256h-67c-10.7 0-16-12.9-8.5-20.5l99-99c4.7-4.7 12.3-4.7 17 0l99 99c7.6 7.6 2.2 20.5-8.5 20.5h-67v116c0 6.6-5.4 12-12 12z\"></path></svg><!-- <i class=\"far fa-arrow-alt-circle-up\"></i> -->Return</button></p><p></p><div class=\"lbl\"><span>Nominee Email</span></div><div class=\"lbla_v\" style=\"display:none;\"><iframe src=\"\" class=\"displaynone\"></iframe> </div><input class=\"form-control input\" type=\"email\" name=\"email\" data-type=\"email\" onchange=\"inputonChange(this)\" onkeypress=\"inputonkeypress(this)\"><div class=\"supportlbl\"><span>Description</span></div><p></p><p class=\"controls\" aria-hidden=\"false\"><button class=\"nextButton btn-next\" type=\"button\" aria-controls=\"fieldques13\" next-controls=\"fieldques13\" onclick=\"nextbtnclick(this);\">Next</button><button class=\"btn btn-default btn-enter\" type=\"button\" aria-controls=\"fieldques13\" next-controls=\"fieldques13\" onclick=\"enterbtnclick(this);\">Press <span class=\"f-string-em\">Enter</span></button></p></fieldset>',406),(4598,'ques13','<li class=\"ques13\"><a class=\"lielement\" id=\"ques13\" onclick=\"elemclick(this.id);\" data-label=\"emailAddress\"><svg class=\"svg-inline--fa fa-envelope fa-w-16\" aria-hidden=\"true\" data-prefix=\"far\" data-icon=\"envelope\" role=\"img\" xmlns=\"http://www.w3.org/2000/svg\" viewBox=\"0 0 512 512\" data-fa-i2svg=\"\"><path fill=\"currentColor\" d=\"M464 64H48C21.49 64 0 85.49 0 112v288c0 26.51 21.49 48 48 48h416c26.51 0 48-21.49 48-48V112c0-26.51-21.49-48-48-48zm0 48v40.805c-22.422 18.259-58.168 46.651-134.587 106.49-16.841 13.247-50.201 45.072-73.413 44.701-23.208.375-56.579-31.459-73.413-44.701C106.18 199.465 70.425 171.067 48 152.805V112h416zM48 400V214.398c22.914 18.251 55.409 43.862 104.938 82.646 21.857 17.205 60.134 55.186 103.062 54.955 42.717.231 80.509-37.199 103.053-54.947 49.528-38.783 82.032-64.401 104.947-82.653V400H48z\"></path></svg><!-- <i class=\"far fa-envelope\"></i> --><span class=\"count\">11 .</span><span class=\"linktext\">Reviewer Email</span></a> <a class=\"delicon\" onclick=\"deleteclick(this);\" data-label=\"fieldques13\" data-value=\"ques13\"><svg class=\"svg-inline--fa fa-trash-alt fa-w-14\" aria-hidden=\"true\" data-prefix=\"far\" data-icon=\"trash-alt\" role=\"img\" xmlns=\"http://www.w3.org/2000/svg\" viewBox=\"0 0 448 512\" data-fa-i2svg=\"\"><path fill=\"currentColor\" d=\"M192 188v216c0 6.627-5.373 12-12 12h-24c-6.627 0-12-5.373-12-12V188c0-6.627 5.373-12 12-12h24c6.627 0 12 5.373 12 12zm100-12h-24c-6.627 0-12 5.373-12 12v216c0 6.627 5.373 12 12 12h24c6.627 0 12-5.373 12-12V188c0-6.627-5.373-12-12-12zm132-96c13.255 0 24 10.745 24 24v12c0 6.627-5.373 12-12 12h-20v336c0 26.51-21.49 48-48 48H80c-26.51 0-48-21.49-48-48V128H12c-6.627 0-12-5.373-12-12v-12c0-13.255 10.745-24 24-24h74.411l34.018-56.696A48 48 0 0 1 173.589 0h100.823a48 48 0 0 1 41.16 23.304L349.589 80H424zm-269.611 0h139.223L276.16 50.913A6 6 0 0 0 271.015 48h-94.028a6 6 0 0 0-5.145 2.913L154.389 80zM368 128H80v330a6 6 0 0 0 6 6h276a6 6 0 0 0 6-6V128z\"></path></svg><!-- <i class=\"far fa-trash-alt\"></i> --></a><a class=\"dupicon\" onclick=\"duplicateclick(this);\" data-label=\"fieldques13\" data-value=\"ques13\"><svg class=\"svg-inline--fa fa-copy fa-w-14\" aria-hidden=\"true\" data-prefix=\"far\" data-icon=\"copy\" role=\"img\" xmlns=\"http://www.w3.org/2000/svg\" viewBox=\"0 0 448 512\" data-fa-i2svg=\"\"><path fill=\"currentColor\" d=\"M433.941 65.941l-51.882-51.882A48 48 0 0 0 348.118 0H176c-26.51 0-48 21.49-48 48v48H48c-26.51 0-48 21.49-48 48v320c0 26.51 21.49 48 48 48h224c26.51 0 48-21.49 48-48v-48h80c26.51 0 48-21.49 48-48V99.882a48 48 0 0 0-14.059-33.941zM266 464H54a6 6 0 0 1-6-6V150a6 6 0 0 1 6-6h74v224c0 26.51 21.49 48 48 48h96v42a6 6 0 0 1-6 6zm128-96H182a6 6 0 0 1-6-6V54a6 6 0 0 1 6-6h106v88c0 13.255 10.745 24 24 24h88v202a6 6 0 0 1-6 6zm6-256h-64V48h9.632c1.591 0 3.117.632 4.243 1.757l48.368 48.368a6 6 0 0 1 1.757 4.243V112z\"></path></svg><!-- <i class=\"far fa-copy\"></i> --></a></li>','<fieldset id=\"fieldques13\" data-type=\"emailAddress\" data-fieldname=\"@emailAddressemailAddress\" data-column=\"field13\" data-fieldvalue=\"\" data-v-a=\"false\" data-formlock=\"false\" style=\"display: none;\"><p>	<button class=\"removeButton btn-prev\" type=\"button\" aria-controls=\"fieldques12\" prev-controls=\"fieldques12\" onclick=\"prevbtnclick(this);\"><svg class=\"svg-inline--fa fa-arrow-alt-circle-up fa-w-16\" aria-hidden=\"true\" data-prefix=\"far\" data-icon=\"arrow-alt-circle-up\" role=\"img\" xmlns=\"http://www.w3.org/2000/svg\" viewBox=\"0 0 512 512\" data-fa-i2svg=\"\"><path fill=\"currentColor\" d=\"M256 504c137 0 248-111 248-248S393 8 256 8 8 119 8 256s111 248 248 248zm0-448c110.5 0 200 89.5 200 200s-89.5 200-200 200S56 366.5 56 256 145.5 56 256 56zm20 328h-40c-6.6 0-12-5.4-12-12V256h-67c-10.7 0-16-12.9-8.5-20.5l99-99c4.7-4.7 12.3-4.7 17 0l99 99c7.6 7.6 2.2 20.5-8.5 20.5h-67v116c0 6.6-5.4 12-12 12z\"></path></svg><!-- <i class=\"far fa-arrow-alt-circle-up\"></i> -->Return</button></p><p></p><div class=\"lbl\"><span>Reviewer Email</span></div><div class=\"lbla_v\" style=\"display:none;\"><iframe src=\"\" class=\"displaynone\"></iframe> </div><input class=\"form-control input\" type=\"email\" name=\"email\" data-type=\"email\" onchange=\"inputonChange(this)\" onkeypress=\"inputonkeypress(this)\"><div class=\"supportlbl\"><span>Description</span></div><p></p><p class=\"controls\" aria-hidden=\"false\"><button class=\"nextButton\" type=\"submit\">Submit</button> </p></fieldset>',406),(4599,'togBtn','<a class=\"liwelcome\" id=\"welcome\" onclick=\"elemclick(this.id);\" data-label=\"welcomeText\"><svg class=\"svg-inline--fa fa-home fa-w-18\" aria-hidden=\"true\" data-prefix=\"fas\" data-icon=\"home\" role=\"img\" xmlns=\"http://www.w3.org/2000/svg\" viewBox=\"0 0 576 512\" data-fa-i2svg=\"\"><path fill=\"currentColor\" d=\"M488 312.7V456c0 13.3-10.7 24-24 24H348c-6.6 0-12-5.4-12-12V356c0-6.6-5.4-12-12-12h-72c-6.6 0-12 5.4-12 12v112c0 6.6-5.4 12-12 12H112c-13.3 0-24-10.7-24-24V312.7c0-3.6 1.6-7 4.4-9.3l188-154.8c4.4-3.6 10.8-3.6 15.3 0l188 154.8c2.7 2.3 4.3 5.7 4.3 9.3zm83.6-60.9L488 182.9V44.4c0-6.6-5.4-12-12-12h-56c-6.6 0-12 5.4-12 12V117l-89.5-73.7c-17.7-14.6-43.3-14.6-61 0L4.4 251.8c-5.1 4.2-5.8 11.8-1.6 16.9l25.5 31c4.2 5.1 11.8 5.8 16.9 1.6l235.2-193.7c4.4-3.6 10.8-3.6 15.3 0l235.2 193.7c5.1 4.2 12.7 3.5 16.9-1.6l25.5-31c4.2-5.2 3.4-12.7-1.7-16.9z\"></path></svg><!-- <i class=\"fas fa-home\" aria-hidden=\"true\"></i> --> Welcome</a>','<fieldset id=\"welcomestep\" data-type=\"welcomestep\" style=\"display: block;\"><p></p><div class=\"welcome\"><div class=\"media\"><input type=\"hidden\" class=\"hwelcome\" value=\"1\">	<img src=\"/media/images/logo.png\" alt=\"\"></div><div class=\"title\">	<div class=\"lblti\"><span>welcome to talentsumo</span></div></div><div class=\"descrip\"><div class=\"lbldesc\"><span>Experince an iniciative interview experience wi</span></div></div></div><p></p><p class=\"controls\" aria-hidden=\"false\"><button class=\"nextButton btn-next\" type=\"button\" aria-controls=\"fieldques3\" next-controls=\"fieldques3\" onclick=\"nextbtnclick(this);\">Start </button><br><button class=\"btn btn-default btn-enter\" type=\"button\" aria-controls=\"fieldques3\" onclick=\"enterbtnclick(this);\">Press <span class=\"f-string-em\">Enter</span></button></p></fieldset>',406),(4600,'thankyou','<a class=\"lithank\" id=\"thankyou\" onclick=\"elemclick(this.id);\" data-label=\"thankYouText\"><svg class=\"svg-inline--fa fa-thumbs-up fa-w-16\" aria-hidden=\"true\" data-prefix=\"fa\" data-icon=\"thumbs-up\" role=\"img\" xmlns=\"http://www.w3.org/2000/svg\" viewBox=\"0 0 512 512\" data-fa-i2svg=\"\"><path fill=\"currentColor\" d=\"M104 224H24c-13.255 0-24 10.745-24 24v240c0 13.255 10.745 24 24 24h80c13.255 0 24-10.745 24-24V248c0-13.255-10.745-24-24-24zM64 472c-13.255 0-24-10.745-24-24s10.745-24 24-24 24 10.745 24 24-10.745 24-24 24zM384 81.452c0 42.416-25.97 66.208-33.277 94.548h101.723c33.397 0 59.397 27.746 59.553 58.098.084 17.938-7.546 37.249-19.439 49.197l-.11.11c9.836 23.337 8.237 56.037-9.308 79.469 8.681 25.895-.069 57.704-16.382 74.757 4.298 17.598 2.244 32.575-6.148 44.632C440.202 511.587 389.616 512 346.839 512l-2.845-.001c-48.287-.017-87.806-17.598-119.56-31.725-15.957-7.099-36.821-15.887-52.651-16.178-6.54-.12-11.783-5.457-11.783-11.998v-213.77c0-3.2 1.282-6.271 3.558-8.521 39.614-39.144 56.648-80.587 89.117-113.111 14.804-14.832 20.188-37.236 25.393-58.902C282.515 39.293 291.817 0 312 0c24 0 72 8 72 81.452z\"></path></svg><!-- <i class=\"fa fa-thumbs-up\" aria-hidden=\"true\"></i> -->Thank You !</a>','\n                           <div class=\"media\"><div class=\"pie_progress\" role=\"progressbar\" data-goal=\"100\" aria-valuemin=\"0\" aria-valuemax=\"100\"><span class=\"pie_progress__number\">0%</span><div class=\"pie_progress__label\">Submitted</div></div></div>\n                           <div class=\"title\">\n                              <div class=\"lblti\"><span>Thank You!</span></div>\n                           </div>\n                           <div class=\"descrip\">\n                              <div class=\"lbldesc\"><span>Your form as beeen submitted successfully we will reach you Shortly. thank you for your Time.</span></div>\n                           </div>\n                        ',406),(4601,'trigger','[]','[]',406);
/*!40000 ALTER TABLE `formfields` ENABLE KEYS */;
UNLOCK TABLES;

--
-- Table structure for table `forms_templates`
--

DROP TABLE IF EXISTS `forms_templates`;
/*!40101 SET @saved_cs_client     = @@character_set_client */;
/*!40101 SET character_set_client = utf8 */;
CREATE TABLE `forms_templates` (
  `id` int(250) NOT NULL AUTO_INCREMENT,
  `form_Name` varchar(800) NOT NULL,
  `form_ID` varchar(800) NOT NULL,
  `tbl_Name` varchar(500) NOT NULL,
  `Created_On` date NOT NULL DEFAULT current_timestamp(),
  `Parent_Template` varchar(500) NOT NULL,
  `form_img` varchar(500) NOT NULL,
  `formtype` varchar(250) NOT NULL,
  `user_Id` int(11) NOT NULL,
  `published_url` varchar(800) DEFAULT NULL,
  `published_Date` date NOT NULL DEFAULT current_timestamp(),
  `published_Status` tinyint(1) DEFAULT NULL,
  `timer` varchar(500) DEFAULT NULL,
  `folder_id` int(11) NOT NULL,
  `public` int(10) NOT NULL DEFAULT 0,
  `videocolloboration` int(11) DEFAULT NULL,
  `Duplicate` int(11) DEFAULT NULL,
  `formlock_code` varchar(500) DEFAULT NULL,
  `answer_link` varchar(800) DEFAULT NULL,
  `form_Question_type` varchar(800) DEFAULT NULL,
  `form_lock_active` varchar(500) DEFAULT NULL,
  `form_lock_position` varchar(500) DEFAULT NULL,
  `negative_marking` varchar(500) DEFAULT NULL,
  `score_settings` varchar(500) DEFAULT NULL,
  `import_mode` varchar(500) DEFAULT NULL,
  `auto_report` varchar(500) DEFAULT NULL,
  PRIMARY KEY (`id`),
  UNIQUE KEY `form_ID` (`form_ID`),
  KEY `confolder_ID` (`folder_id`),
  KEY `cons_userid` (`user_Id`),
  CONSTRAINT `confolder_ID` FOREIGN KEY (`folder_id`) REFERENCES `foldername` (`id`) ON DELETE CASCADE ON UPDATE CASCADE,
  CONSTRAINT `cons_userid` FOREIGN KEY (`user_Id`) REFERENCES `registration_tbl` (`id`) ON DELETE CASCADE
) ENGINE=InnoDB AUTO_INCREMENT=407 DEFAULT CHARSET=latin1;
/*!40101 SET character_set_client = @saved_cs_client */;

--
-- Dumping data for table `forms_templates`
--

LOCK TABLES `forms_templates` WRITE;
/*!40000 ALTER TABLE `forms_templates` DISABLE KEYS */;
INSERT INTO `forms_templates` (`id`, `form_Name`, `form_ID`, `tbl_Name`, `Created_On`, `Parent_Template`, `form_img`, `formtype`, `user_Id`, `published_url`, `published_Date`, `published_Status`, `timer`, `folder_id`, `public`, `videocolloboration`, `Duplicate`, `formlock_code`, `answer_link`, `form_Question_type`, `form_lock_active`, `form_lock_position`, `negative_marking`, `score_settings`, `import_mode`, `auto_report`) VALUES (345,'Sample Interview - Smoking','l2uO1DZX6C4KGZ0MJS1bS3EaZ8L3vAK1','ans_z8l3vak1','2022-05-30','blank','/media/Forms/Sample_Interview_-_Smoking.png','form',70,'https://spellcheck.techdivaa.com/l2uO1DZX6C4KGZ0MJS1bS3EaZ8L3vAK1','2022-05-30',1,'0.00',29,0,0,NULL,NULL,NULL,'feedback',NULL,NULL,'no','default','manual','no'),(406,'Interview Name Template','9AexBC1BZLFcYSybinlVhBiQqTGGM03O','ans_qtggm03o','2022-06-09','inteview','/media/Forms/new_Interview_Name_Template.png','form',70,'https://spellcheck.techdivaa.com/9AexBC1BZLFcYSybinlVhBiQqTGGM03O','2022-06-09',1,'0.00',35,0,0,NULL,NULL,'media/Interview_Templates/ans_link_1654794864869.xlsx','interview',NULL,NULL,'no','default','manual','no');
/*!40000 ALTER TABLE `forms_templates` ENABLE KEYS */;
UNLOCK TABLES;

--
-- Table structure for table `master_login`
--

DROP TABLE IF EXISTS `master_login`;
/*!40101 SET @saved_cs_client     = @@character_set_client */;
/*!40101 SET character_set_client = utf8 */;
CREATE TABLE `master_login` (
  `id` int(250) NOT NULL AUTO_INCREMENT,
  `email` varchar(500) NOT NULL,
  `password` varchar(500) NOT NULL,
  PRIMARY KEY (`id`),
  UNIQUE KEY `email` (`email`)
) ENGINE=InnoDB AUTO_INCREMENT=3 DEFAULT CHARSET=latin1;
/*!40101 SET character_set_client = @saved_cs_client */;

--
-- Dumping data for table `master_login`
--

LOCK TABLES `master_login` WRITE;
/*!40000 ALTER TABLE `master_login` DISABLE KEYS */;
INSERT INTO `master_login` (`id`, `email`, `password`) VALUES (1,'admin@talentsumo.co','admin123');
/*!40000 ALTER TABLE `master_login` ENABLE KEYS */;
UNLOCK TABLES;

--
-- Table structure for table `registration_tbl`
--

DROP TABLE IF EXISTS `registration_tbl`;
/*!40101 SET @saved_cs_client     = @@character_set_client */;
/*!40101 SET character_set_client = utf8 */;
CREATE TABLE `registration_tbl` (
  `id` int(11) NOT NULL AUTO_INCREMENT,
  `fullname` varchar(800) DEFAULT NULL,
  `email` varchar(800) NOT NULL,
  `password` varchar(800) DEFAULT NULL,
  `registered_at` date NOT NULL DEFAULT current_timestamp(),
  `member_of` int(11) DEFAULT NULL,
  PRIMARY KEY (`id`),
  KEY `const_memOf` (`member_of`),
  CONSTRAINT `const_memOf` FOREIGN KEY (`member_of`) REFERENCES `registration_tbl` (`id`) ON DELETE CASCADE
) ENGINE=InnoDB AUTO_INCREMENT=82 DEFAULT CHARSET=utf8mb4;
/*!40101 SET character_set_client = @saved_cs_client */;

--
-- Dumping data for table `registration_tbl`
--

LOCK TABLES `registration_tbl` WRITE;
/*!40000 ALTER TABLE `registration_tbl` DISABLE KEYS */;
INSERT INTO `registration_tbl` (`id`, `fullname`, `email`, `password`, `registered_at`, `member_of`) VALUES (51,'default','default@gmail.com','admin*123','0000-00-00',NULL),(70,'Swapna','infoswap90@gmail.com','Swapna*123','2022-05-20',NULL),(71,'jayanth','saisujith2586@gmail.com','Jayanth@2003','2022-05-25',NULL),(72,'deb','deb@talentsumo.co','Talent11@','2022-05-25',NULL),(73,NULL,'LXlksdsj@gmail.com',NULL,'2022-05-26',NULL),(75,NULL,'jayanthpotluri@gmail.com',NULL,'2022-05-27',NULL),(78,NULL,'swapq90@gmail.com',NULL,'2022-05-29',NULL),(79,NULL,'jamesrobert12388@yahoo.com',NULL,'2022-05-29',NULL),(80,NULL,'sgyeligeti@gmail.com',NULL,'2022-06-05',NULL),(81,'Bitan Biswas','bitanbiswas99@gmail.com','Guria1999!','2022-06-06',NULL);
/*!40000 ALTER TABLE `registration_tbl` ENABLE KEYS */;
UNLOCK TABLES;

--
-- Table structure for table `settings_tbl`
--

DROP TABLE IF EXISTS `settings_tbl`;
/*!40101 SET @saved_cs_client     = @@character_set_client */;
/*!40101 SET character_set_client = utf8 */;
CREATE TABLE `settings_tbl` (
  `id` int(250) NOT NULL AUTO_INCREMENT,
  `settings_Field` varchar(800) NOT NULL,
  `settings_Value` varchar(1500) NOT NULL,
  `userid` int(11) DEFAULT 0,
  PRIMARY KEY (`id`),
  KEY `consettinguser_id` (`userid`),
  CONSTRAINT `consettinguser_id` FOREIGN KEY (`userid`) REFERENCES `registration_tbl` (`id`) ON DELETE CASCADE
) ENGINE=InnoDB AUTO_INCREMENT=198 DEFAULT CHARSET=latin1;
/*!40101 SET character_set_client = @saved_cs_client */;

--
-- Dumping data for table `settings_tbl`
--

LOCK TABLES `settings_tbl` WRITE;
/*!40000 ALTER TABLE `settings_tbl` DISABLE KEYS */;
INSERT INTO `settings_tbl` (`id`, `settings_Field`, `settings_Value`, `userid`) VALUES (72,'host','smtp.acumbamail.com',51),(73,'port','25',51),(74,'login','deb@talentsumo.co',51),(75,'password','9sHNPoWF7dXBWfrfdtmQ',51),(76,'from','report@talentsumo.co',51),(77,'cEmailStatus','true',51),(78,'cEmailText','<p><span style=\"font-weight: bolder;\">Hello&nbsp;</span>&nbsp;@Name<span style=\"font-weight: bolder;\">&nbsp;!</span></p><p>We are glad to inform you that we received an interview application from @FormName. and we will get back to you with your performance review on this email address @Email.</p><p>Thank you,</p><p>TalentSumo Interview Team</p>',51),(79,'rEmailStatus','true',51),(80,'rEmailText','<p><span style=\"font-weight: bolder;\">Hey!</span></p><p>Your expertise is requested by @Name. He/She is currently preparing for interviews and would like to get your feedback. You can check the interview below. Please note that any absence of hyperlinks in answers denote that the candidate has not answered that particular question. Thanks!</p><p>@InterviewLink</p><p>Please note that the recordings are only available for one week only. You can directly provide the feedback to the email @Email.</p><p>Thank you,</p><p>TalentSumo Interview Team</p>',51),(81,'nEmailStatus','true',51),(82,'nEmailText','<p><span style=\"font-weight: bolder;\">Hey!</span></p><p>Your friend @Name recommended that you check out the interview practice tools from Talentsumo.</p><p>Now you can attempt a free interview &amp; feedback that will give you clear action steps for improvement. You can attempt the interview right now at&nbsp;@FormLink.</p><p>Thank you,</p><p>TalentSumo Interview Team</p>',51),(83,'fEmailStatus','true',51),(84,'fEmailText','<p><span style=\"font-weight: bolder;\">Hey!</span></p><p>@Name has completed providing feedback on your interview/exercise.</p><p> </p><p>Please visit this @ReviewFormLink to review.</p><p>Thank you,</p><p>TalentSumo Interview Team</p>',51),(111,'campEmailStatus','true',51),(112,'campEmailText','<div>Hey!</div><div><br></div><div>@Name here is the interview link to improve your career.</div><div><br></div><div>Please visit this @InterviewLink&nbsp; to attend.</div><div><br></div><div>Thank you,</div><div><br></div><div>TalentSumo Interview Team</div>',51),(173,'arptEmailStatus','true',51),(174,'arptEmailText','<p>Hello,</p><p> @Name here is your Interview Report Card with Score and the Modal Answers</p><p><br></p><p> @PDFReportLink</p><p><br></p><p>Thanks.</p><p>TalentSumo Team.</p>',51),(175,'arptlogo','media/report_logos/Talentsumo/logo.png',51),(176,'arpfooterText','<p><span style=\"font-weight: bolder;\">Greater Houston Area, Southern US</span></p> <p>admin@talentsumo.co</p>',51),(177,'PdfSignature','TalentSumo Team',51),(178,'host','smtp.acumbamail.com',70),(179,'port','25',70),(180,'login','deb@talentsumo.co',70),(181,'password','9sHNPoWF7dXBWfrfdtmQ',70),(182,'from','report@talentsumo.co',70),(183,'cEmailStatus','true',70),(184,'cEmailText','<p><span style=\"font-weight: bolder;\">Hello&nbsp;</span>&nbsp;@Name<span style=\"font-weight: bolder;\">&nbsp;!</span></p><p>We are glad to inform you that we received an interview application from @FormName. and we will get back to you with your performance review on this email address @Email.</p><p>Thank you,</p><p>TalentSumo Interview Team</p>',70),(185,'rEmailStatus','true',70),(186,'rEmailText','<p><span style=\"font-weight: bolder;\">Hey!</span></p><p>Your expertise is requested by @Name. He/She is currently preparing for interviews and would like to get your feedback. You can check the interview below. Please note that any absence of hyperlinks in answers denote that the candidate has not answered that particular question. Thanks!</p><p>@InterviewLink</p><p>Please note that the recordings are only available for one week only. You can directly provide the feedback to the email @Email.</p><p>Thank you,</p><p>TalentSumo Interview Team</p>',70),(187,'nEmailStatus','true',70),(188,'nEmailText','<p><span style=\"font-weight: bolder;\">Hey!</span></p><p>Your friend @Name recommended that you check out the interview practice tools from Talentsumo.</p><p>Now you can attempt a free interview &amp; feedback that will give you clear action steps for improvement. You can attempt the interview right now at&nbsp;@FormLink.</p><p>Thank you,</p><p>TalentSumo Interview Team</p>',70),(189,'fEmailStatus','true',70),(190,'fEmailText','<p><span style=\"font-weight: bolder;\">Hey!</span></p><p>@Name has completed providing feedback on your interview/exercise.</p><p> </p><p>Please visit this @ReviewFormLink to review.</p><p>Thank you,</p><p>TalentSumo Interview Team</p>',70),(191,'campEmailStatus','true',70),(192,'campEmailText','<div>Hey!</div><div><br></div><div>@Name here is the interview link to improve your career.</div><div><br></div><div>Please visit this @InterviewLink&nbsp; to attend.</div><div><br></div><div>Thank you,</div><div><br></div><div>TalentSumo Interview Team</div>',70),(193,'arptEmailStatus','true',70),(194,'arptEmailText','<p>Hello,</p><p> @Name here is your Interview Report Card with Score and the Modal Answers</p><p><br></p><p> @PDFReportLink</p><p><br></p><p>Thanks.</p><p>TalentSumo Team.</p>',70),(195,'arptlogo','media/report_logos/Clients/1654360503588.jpg',70),(196,'arpfooterText','<p><span style=\"font-weight: bolder;\">Greater Houston Area, Southern US</span></p> <p>admin@talentsumo.co</p>',70),(197,'PdfSignature','TalentSumo Team',70);
/*!40000 ALTER TABLE `settings_tbl` ENABLE KEYS */;
UNLOCK TABLES;

--
-- Table structure for table `shared_table`
--

DROP TABLE IF EXISTS `shared_table`;
/*!40101 SET @saved_cs_client     = @@character_set_client */;
/*!40101 SET character_set_client = utf8 */;
CREATE TABLE `shared_table` (
  `id` int(11) NOT NULL AUTO_INCREMENT,
  `form_id` int(11) DEFAULT NULL,
  `table_name` varchar(500) NOT NULL,
  `shared_by` int(11) NOT NULL,
  `shared_to` int(11) NOT NULL,
  `shared_on` date NOT NULL DEFAULT current_timestamp(),
  PRIMARY KEY (`id`),
  KEY `conshared_by` (`shared_by`),
  KEY `conform_id` (`form_id`),
  KEY `conshared_to` (`shared_to`),
  CONSTRAINT `conform_id` FOREIGN KEY (`form_id`) REFERENCES `forms_templates` (`id`) ON DELETE CASCADE,
  CONSTRAINT `conshared_by` FOREIGN KEY (`shared_by`) REFERENCES `registration_tbl` (`id`) ON DELETE CASCADE,
  CONSTRAINT `conshared_to` FOREIGN KEY (`shared_to`) REFERENCES `registration_tbl` (`id`) ON DELETE CASCADE
) ENGINE=InnoDB AUTO_INCREMENT=5 DEFAULT CHARSET=utf8mb4;
/*!40101 SET character_set_client = @saved_cs_client */;

--
-- Dumping data for table `shared_table`
--

LOCK TABLES `shared_table` WRITE;
/*!40000 ALTER TABLE `shared_table` DISABLE KEYS */;
/*!40000 ALTER TABLE `shared_table` ENABLE KEYS */;
UNLOCK TABLES;

--
-- Table structure for table `tbl_campaign_details`
--

DROP TABLE IF EXISTS `tbl_campaign_details`;
/*!40101 SET @saved_cs_client     = @@character_set_client */;
/*!40101 SET character_set_client = utf8 */;
CREATE TABLE `tbl_campaign_details` (
  `id` int(250) NOT NULL AUTO_INCREMENT,
  `campaign_Name` varchar(800) NOT NULL,
  `campaign_list` int(250) NOT NULL,
  `user_id` int(250) NOT NULL,
  `campaign_Date` date NOT NULL,
  `campaign_Status` varchar(800) NOT NULL,
  `formid` int(11) DEFAULT NULL,
  PRIMARY KEY (`id`),
  KEY `const_camp_user_id` (`user_id`),
  KEY `const_camp_list_id` (`campaign_list`),
  KEY `const_camp_form_id` (`formid`),
  CONSTRAINT `const_camp_form_id` FOREIGN KEY (`formid`) REFERENCES `forms_templates` (`id`) ON DELETE CASCADE ON UPDATE CASCADE,
  CONSTRAINT `const_camp_list_id` FOREIGN KEY (`campaign_list`) REFERENCES `tbl_students_lists` (`id`) ON DELETE CASCADE ON UPDATE CASCADE,
  CONSTRAINT `const_camp_user_id` FOREIGN KEY (`user_id`) REFERENCES `registration_tbl` (`id`) ON DELETE CASCADE ON UPDATE CASCADE
) ENGINE=InnoDB AUTO_INCREMENT=30 DEFAULT CHARSET=latin1;
/*!40101 SET character_set_client = @saved_cs_client */;

--
-- Dumping data for table `tbl_campaign_details`
--

LOCK TABLES `tbl_campaign_details` WRITE;
/*!40000 ALTER TABLE `tbl_campaign_details` DISABLE KEYS */;
INSERT INTO `tbl_campaign_details` (`id`, `campaign_Name`, `campaign_list`, `user_id`, `campaign_Date`, `campaign_Status`, `formid`) VALUES (26,'abc campaign',11,70,'2022-06-05','Completed',345);
/*!40000 ALTER TABLE `tbl_campaign_details` ENABLE KEYS */;
UNLOCK TABLES;

--
-- Table structure for table `tbl_mapping`
--

DROP TABLE IF EXISTS `tbl_mapping`;
/*!40101 SET @saved_cs_client     = @@character_set_client */;
/*!40101 SET character_set_client = utf8 */;
CREATE TABLE `tbl_mapping` (
  `id` int(11) NOT NULL AUTO_INCREMENT,
  `type` varchar(200) DEFAULT NULL,
  `formId` varchar(800) DEFAULT NULL,
  `tbl_Name` varchar(500) NOT NULL,
  `formName` varchar(800) DEFAULT NULL,
  `status` tinyint(1) NOT NULL,
  `createdon` date NOT NULL DEFAULT current_timestamp(),
  `user_Id` int(11) NOT NULL,
  PRIMARY KEY (`id`),
  UNIQUE KEY `formId` (`formId`),
  KEY `conuser_id` (`user_Id`),
  CONSTRAINT `conuser_id` FOREIGN KEY (`user_Id`) REFERENCES `registration_tbl` (`id`) ON DELETE CASCADE
) ENGINE=InnoDB AUTO_INCREMENT=43 DEFAULT CHARSET=latin1;
/*!40101 SET character_set_client = @saved_cs_client */;

--
-- Dumping data for table `tbl_mapping`
--

LOCK TABLES `tbl_mapping` WRITE;
/*!40000 ALTER TABLE `tbl_mapping` DISABLE KEYS */;
/*!40000 ALTER TABLE `tbl_mapping` ENABLE KEYS */;
UNLOCK TABLES;

--
-- Table structure for table `tbl_member_mapping`
--

DROP TABLE IF EXISTS `tbl_member_mapping`;
/*!40101 SET @saved_cs_client     = @@character_set_client */;
/*!40101 SET character_set_client = utf8 */;
CREATE TABLE `tbl_member_mapping` (
  `id` int(11) NOT NULL AUTO_INCREMENT,
  `member_of` int(11) DEFAULT NULL,
  `userid` int(11) DEFAULT NULL,
  `addedon` date NOT NULL DEFAULT current_timestamp(),
  PRIMARY KEY (`id`)
) ENGINE=InnoDB AUTO_INCREMENT=29 DEFAULT CHARSET=latin1;
/*!40101 SET character_set_client = @saved_cs_client */;

--
-- Dumping data for table `tbl_member_mapping`
--

LOCK TABLES `tbl_member_mapping` WRITE;
/*!40000 ALTER TABLE `tbl_member_mapping` DISABLE KEYS */;
INSERT INTO `tbl_member_mapping` (`id`, `member_of`, `userid`, `addedon`) VALUES (8,49,62,'2022-03-11'),(14,63,68,'2022-05-08'),(20,71,75,'2022-05-27'),(24,72,79,'2022-05-29'),(27,70,78,'2022-06-06'),(28,70,78,'2022-06-06');
/*!40000 ALTER TABLE `tbl_member_mapping` ENABLE KEYS */;
UNLOCK TABLES;

--
-- Table structure for table `tbl_students_details`
--

DROP TABLE IF EXISTS `tbl_students_details`;
/*!40101 SET @saved_cs_client     = @@character_set_client */;
/*!40101 SET character_set_client = utf8 */;
CREATE TABLE `tbl_students_details` (
  `id` int(250) NOT NULL AUTO_INCREMENT,
  `student_name` varchar(800) DEFAULT NULL,
  `student_email` varchar(800) DEFAULT NULL,
  `student_collage` text DEFAULT NULL,
  `student_specialization` varchar(800) DEFAULT NULL,
  `student_course` varchar(800) DEFAULT NULL,
  `student_year` varchar(800) DEFAULT NULL,
  `student_list_id` int(250) DEFAULT NULL,
  `user_id` int(250) DEFAULT NULL,
  `student_active` varchar(800) DEFAULT NULL,
  PRIMARY KEY (`id`),
  KEY `constudent_detls_user_id` (`user_id`),
  KEY `constudent_detls_list` (`student_list_id`),
  CONSTRAINT `constudent_detls_list` FOREIGN KEY (`student_list_id`) REFERENCES `tbl_students_lists` (`id`) ON DELETE CASCADE ON UPDATE CASCADE,
  CONSTRAINT `constudent_detls_user_id` FOREIGN KEY (`user_id`) REFERENCES `registration_tbl` (`id`) ON DELETE CASCADE ON UPDATE CASCADE
) ENGINE=InnoDB AUTO_INCREMENT=41 DEFAULT CHARSET=utf8mb4;
/*!40101 SET character_set_client = @saved_cs_client */;

--
-- Dumping data for table `tbl_students_details`
--

LOCK TABLES `tbl_students_details` WRITE;
/*!40000 ALTER TABLE `tbl_students_details` DISABLE KEYS */;
INSERT INTO `tbl_students_details` (`id`, `student_name`, `student_email`, `student_collage`, `student_specialization`, `student_course`, `student_year`, `student_list_id`, `user_id`, `student_active`) VALUES (16,'Student Name','Email ','College Name','Specialization','Course','Year',8,71,'active'),(17,'abc student 1','student1@gmail.com','student1','spec_student1','course1','2001',8,71,'active'),(18,'abc student 2','student2@gmail.com','student2','spec_student2','course2','2002',8,71,'active'),(19,'abc student 3','student3@gmail.com','student3','spec_student3','course3','2003',8,71,'active'),(24,'Student Name','Email ','College Name','Specialization','Course','Year',10,71,'active'),(25,'abc student 1','student1@gmail.com','student1','spec_student1','course1','2001',10,71,'active'),(26,'abc student 2','student2@gmail.com','student2','spec_student2','course2','2002',10,71,'active'),(27,'abc student 3','student3@gmail.com','student3','spec_student3','course3','2003',10,71,'active'),(28,'Student Name','Email ','College Name','Specialization','Course','Year',7,72,'active'),(29,'abc student 1','student1@gmail.com','student1','spec_student1','course1','2001',7,72,'active'),(30,'abc student 2','student2@gmail.com','student2','spec_student2','course2','2002',7,72,'active'),(31,'abc student 3','student3@gmail.com','student3','spec_student3','course3','2003',7,72,'active'),(32,'df','dfd@jefkw','sdf','asda','s','2011',8,71,'active'),(33,'Student Name','Email ','College Name','Specialization','Course','Year',11,70,'active'),(34,'abc student 1','infoswap90@gmail.com','course1','spec_student1','student1','2001',11,70,'active'),(35,'abc student 2','swapq90@gmail.com','course2','spec_student2','student2','2002',11,70,'active'),(36,'abc student 3','sgyeligeti@gmail.com','course3','spec_student3','student3','2003',11,70,'active'),(37,'Student Name','Email ','College Name','Specialization','Course','Year',12,70,'active'),(38,'abc student 1','student1@gmail.com','student1','spec_student1','course1','2001',12,70,'active'),(39,'abc student 2','student2@gmail.com','student2','spec_student2','course2','2002',12,70,'active'),(40,'abc student 3','student3@gmail.com','student3','spec_student3','course3','2003',12,70,'active');
/*!40000 ALTER TABLE `tbl_students_details` ENABLE KEYS */;
UNLOCK TABLES;

--
-- Table structure for table `tbl_students_lists`
--

DROP TABLE IF EXISTS `tbl_students_lists`;
/*!40101 SET @saved_cs_client     = @@character_set_client */;
/*!40101 SET character_set_client = utf8 */;
CREATE TABLE `tbl_students_lists` (
  `id` int(250) NOT NULL AUTO_INCREMENT,
  `list_name` varchar(800) NOT NULL,
  `created_on` date DEFAULT current_timestamp(),
  `user_Id` int(250) NOT NULL,
  PRIMARY KEY (`id`),
  KEY `const_list_user_id` (`user_Id`),
  CONSTRAINT `const_list_user_id` FOREIGN KEY (`user_Id`) REFERENCES `registration_tbl` (`id`) ON DELETE CASCADE ON UPDATE CASCADE
) ENGINE=InnoDB AUTO_INCREMENT=13 DEFAULT CHARSET=utf8mb4;
/*!40101 SET character_set_client = @saved_cs_client */;

--
-- Dumping data for table `tbl_students_lists`
--

LOCK TABLES `tbl_students_lists` WRITE;
/*!40000 ALTER TABLE `tbl_students_lists` DISABLE KEYS */;
INSERT INTO `tbl_students_lists` (`id`, `list_name`, `created_on`, `user_Id`) VALUES (7,'New11','2022-05-25',72),(8,'dedededededededde','2022-05-26',71),(10,'traillist','2022-05-29',71),(11,'Sample 1','2022-06-04',70),(12,'Sample 8','2022-06-06',70);
/*!40000 ALTER TABLE `tbl_students_lists` ENABLE KEYS */;
UNLOCK TABLES;

--
-- Table structure for table `templ_tbl`
--

DROP TABLE IF EXISTS `templ_tbl`;
/*!40101 SET @saved_cs_client     = @@character_set_client */;
/*!40101 SET character_set_client = utf8 */;
CREATE TABLE `templ_tbl` (
  `temp_Name` varchar(500) NOT NULL,
  `temp_img` varchar(1000) NOT NULL,
  `created_on` date NOT NULL DEFAULT current_timestamp(),
  `id` int(11) NOT NULL AUTO_INCREMENT,
  `temp_type` varchar(500) NOT NULL,
  `folder_id` int(11) DEFAULT NULL,
  `temp_Id` varchar(500) DEFAULT NULL,
  PRIMARY KEY (`id`)
) ENGINE=InnoDB AUTO_INCREMENT=22 DEFAULT CHARSET=utf8mb4;
/*!40101 SET character_set_client = @saved_cs_client */;

--
-- Dumping data for table `templ_tbl`
--

LOCK TABLES `templ_tbl` WRITE;
/*!40000 ALTER TABLE `templ_tbl` DISABLE KEYS */;
INSERT INTO `templ_tbl` (`temp_Name`, `temp_img`, `created_on`, `id`, `temp_type`, `folder_id`, `temp_Id`) VALUES ('Create New Interview','/media/Templates/blank1.jpg','2022-02-06',2,'blank',NULL,NULL),('Sample Interview','/media/Templates/Sample_Interview_V1ChrBm.png','2022-02-06',3,'inteview',NULL,'jkHQVI4UF6bj6MkqYUVbBE6gmD5UQsYs'),('abc','/media/Templates/Sample_Interview_RwgySOC.png','2022-06-07',20,'TalentSumo',1,'894bee9f-0943-4488-aaf3-1527cea19770'),('abc 123','','2022-06-07',21,'TalentSumo',2,'d5756b81-6a4a-4a95-a1d3-a872dcfc079c');
/*!40000 ALTER TABLE `templ_tbl` ENABLE KEYS */;
UNLOCK TABLES;

--
-- Table structure for table `templatefields`
--

DROP TABLE IF EXISTS `templatefields`;
/*!40101 SET @saved_cs_client     = @@character_set_client */;
/*!40101 SET character_set_client = utf8 */;
CREATE TABLE `templatefields` (
  `id` int(11) NOT NULL AUTO_INCREMENT,
  `tfieldName` varchar(200) DEFAULT NULL,
  `tfieldData` text CHARACTER SET utf8mb4 COLLATE utf8mb4_unicode_ci DEFAULT NULL,
  `tfieldsetData` text CHARACTER SET utf8mb4 COLLATE utf8mb4_unicode_ci DEFAULT NULL,
  `tformid` int(11) NOT NULL,
  PRIMARY KEY (`id`),
  KEY `tformid` (`tformid`),
  CONSTRAINT `formfields_ibfk_2` FOREIGN KEY (`tformid`) REFERENCES `templ_tbl` (`id`) ON DELETE CASCADE
) ENGINE=InnoDB AUTO_INCREMENT=195 DEFAULT CHARSET=latin1;
/*!40101 SET character_set_client = @saved_cs_client */;

--
-- Dumping data for table `templatefields`
--

LOCK TABLES `templatefields` WRITE;
/*!40000 ALTER TABLE `templatefields` DISABLE KEYS */;
INSERT INTO `templatefields` (`id`, `tfieldName`, `tfieldData`, `tfieldsetData`, `tformid`) VALUES (151,'ques3','<li class=\"ques3\"><a class=\"lielement\" id=\"ques3\" onclick=\"elemclick(this.id);\" data-label=\"shortText\"><svg class=\"svg-inline--fa fa-i-cursor fa-w-8\" aria-hidden=\"true\" data-prefix=\"fas\" data-icon=\"i-cursor\" role=\"img\" xmlns=\"http://www.w3.org/2000/svg\" viewBox=\"0 0 256 512\" data-fa-i2svg=\"\"><path fill=\"currentColor\" d=\"M256 52.048V12.065C256 5.496 250.726.148 244.158.066 211.621-.344 166.469.011 128 37.959 90.266.736 46.979-.114 11.913.114 5.318.157 0 5.519 0 12.114v39.645c0 6.687 5.458 12.078 12.145 11.998C38.111 63.447 96 67.243 96 112.182V224H60c-6.627 0-12 5.373-12 12v40c0 6.627 5.373 12 12 12h36v112c0 44.932-56.075 48.031-83.95 47.959C5.404 447.942 0 453.306 0 459.952v39.983c0 6.569 5.274 11.917 11.842 11.999 32.537.409 77.689.054 116.158-37.894 37.734 37.223 81.021 38.073 116.087 37.845 6.595-.043 11.913-5.405 11.913-12V460.24c0-6.687-5.458-12.078-12.145-11.998C217.889 448.553 160 444.939 160 400V288h36c6.627 0 12-5.373 12-12v-40c0-6.627-5.373-12-12-12h-36V112.182c0-44.932 56.075-48.213 83.95-48.142 6.646.018 12.05-5.346 12.05-11.992z\"></path></svg><!-- <i class=\"fas fa-i-cursor\"></i> --><span class=\"count\">1 .</span><span class=\"linktext\">Short Text</span></a> <a class=\"delicon\" onclick=\"deleteclick(this);\" data-label=\"fieldques3\" data-value=\"ques3\"><svg class=\"svg-inline--fa fa-trash-alt fa-w-14\" aria-hidden=\"true\" data-prefix=\"far\" data-icon=\"trash-alt\" role=\"img\" xmlns=\"http://www.w3.org/2000/svg\" viewBox=\"0 0 448 512\" data-fa-i2svg=\"\"><path fill=\"currentColor\" d=\"M192 188v216c0 6.627-5.373 12-12 12h-24c-6.627 0-12-5.373-12-12V188c0-6.627 5.373-12 12-12h24c6.627 0 12 5.373 12 12zm100-12h-24c-6.627 0-12 5.373-12 12v216c0 6.627 5.373 12 12 12h24c6.627 0 12-5.373 12-12V188c0-6.627-5.373-12-12-12zm132-96c13.255 0 24 10.745 24 24v12c0 6.627-5.373 12-12 12h-20v336c0 26.51-21.49 48-48 48H80c-26.51 0-48-21.49-48-48V128H12c-6.627 0-12-5.373-12-12v-12c0-13.255 10.745-24 24-24h74.411l34.018-56.696A48 48 0 0 1 173.589 0h100.823a48 48 0 0 1 41.16 23.304L349.589 80H424zm-269.611 0h139.223L276.16 50.913A6 6 0 0 0 271.015 48h-94.028a6 6 0 0 0-5.145 2.913L154.389 80zM368 128H80v330a6 6 0 0 0 6 6h276a6 6 0 0 0 6-6V128z\"></path></svg><!-- <i class=\"far fa-trash-alt\"></i> --></a><a class=\"dupicon\" onclick=\"duplicateclick(this);\" data-label=\"fieldques3\" data-value=\"ques3\"><svg class=\"svg-inline--fa fa-copy fa-w-14\" aria-hidden=\"true\" data-prefix=\"far\" data-icon=\"copy\" role=\"img\" xmlns=\"http://www.w3.org/2000/svg\" viewBox=\"0 0 448 512\" data-fa-i2svg=\"\"><path fill=\"currentColor\" d=\"M433.941 65.941l-51.882-51.882A48 48 0 0 0 348.118 0H176c-26.51 0-48 21.49-48 48v48H48c-26.51 0-48 21.49-48 48v320c0 26.51 21.49 48 48 48h224c26.51 0 48-21.49 48-48v-48h80c26.51 0 48-21.49 48-48V99.882a48 48 0 0 0-14.059-33.941zM266 464H54a6 6 0 0 1-6-6V150a6 6 0 0 1 6-6h74v224c0 26.51 21.49 48 48 48h96v42a6 6 0 0 1-6 6zm128-96H182a6 6 0 0 1-6-6V54a6 6 0 0 1 6-6h106v88c0 13.255 10.745 24 24 24h88v202a6 6 0 0 1-6 6zm6-256h-64V48h9.632c1.591 0 3.117.632 4.243 1.757l48.368 48.368a6 6 0 0 1 1.757 4.243V112z\"></path></svg><!-- <i class=\"far fa-copy\"></i> --></a></li>','<fieldset id=\"fieldques3\" data-type=\"shortText\" data-fieldname=\"@shortTextshortText\" data-fieldvalue=\"\" data-v-a=\"false\" data-formlock=\"false\" style=\"display: none;\"><p>	<button class=\"removeButton btn-prev\" type=\"button\" aria-controls=\"step-0\" prev-controls=\"step-0\" onclick=\"prevbtnclick(this);\" aria-hidden=\"true\"><svg class=\"svg-inline--fa fa-arrow-alt-circle-up fa-w-16\" aria-hidden=\"true\" data-prefix=\"far\" data-icon=\"arrow-alt-circle-up\" role=\"img\" xmlns=\"http://www.w3.org/2000/svg\" viewBox=\"0 0 512 512\" data-fa-i2svg=\"\"><path fill=\"currentColor\" d=\"M256 504c137 0 248-111 248-248S393 8 256 8 8 119 8 256s111 248 248 248zm0-448c110.5 0 200 89.5 200 200s-89.5 200-200 200S56 366.5 56 256 145.5 56 256 56zm20 328h-40c-6.6 0-12-5.4-12-12V256h-67c-10.7 0-16-12.9-8.5-20.5l99-99c4.7-4.7 12.3-4.7 17 0l99 99c7.6 7.6 2.2 20.5-8.5 20.5h-67v116c0 6.6-5.4 12-12 12z\"></path></svg><!-- <i class=\"far fa-arrow-alt-circle-up\"></i> -->Return</button></p><p></p><div class=\"lbl\"><span>Short Text</span></div><div class=\"lbla_v\" style=\"display:none;\"><iframe src=\"\" class=\"displaynone\"></iframe></div><input class=\"form-control input\" type=\"text\" data-type=\"text\" onchange=\"inputonChange(this)\" onkeypress=\"inputonkeypress(this)\"><div class=\"supportlbl\"><span>Description</span></div><p></p><p class=\"controls\" aria-hidden=\"false\"><button class=\"nextButton btn-next\" type=\"button\" aria-controls=\"fieldques4\" next-controls=\"fieldques4\" onclick=\"nextbtnclick(this);\">Next</button><button class=\"btn btn-default btn-enter\" type=\"button\" aria-controls=\"fieldques4\" next-controls=\"fieldques4\" onclick=\"enterbtnclick(this);\">Press <span class=\"f-string-em\">Enter</span></button></p></fieldset>',20),(152,'ques4','<li class=\"ques4\"><a class=\"lielement\" id=\"ques4\" onclick=\"elemclick(this.id);\" data-label=\"editorText\"><svg class=\"svg-inline--fa fa-edit fa-w-18\" aria-hidden=\"true\" data-prefix=\"fas\" data-icon=\"edit\" role=\"img\" xmlns=\"http://www.w3.org/2000/svg\" viewBox=\"0 0 576 512\" data-fa-i2svg=\"\"><path fill=\"currentColor\" d=\"M402.6 83.2l90.2 90.2c3.8 3.8 3.8 10 0 13.8L274.4 405.6l-92.8 10.3c-12.4 1.4-22.9-9.1-21.5-21.5l10.3-92.8L388.8 83.2c3.8-3.8 10-3.8 13.8 0zm162-22.9l-48.8-48.8c-15.2-15.2-39.9-15.2-55.2 0l-35.4 35.4c-3.8 3.8-3.8 10 0 13.8l90.2 90.2c3.8 3.8 10 3.8 13.8 0l35.4-35.4c15.2-15.3 15.2-40 0-55.2zM384 346.2V448H64V128h229.8c3.2 0 6.2-1.3 8.5-3.5l40-40c7.6-7.6 2.2-20.5-8.5-20.5H48C21.5 64 0 85.5 0 112v352c0 26.5 21.5 48 48 48h352c26.5 0 48-21.5 48-48V306.2c0-10.7-12.9-16-20.5-8.5l-40 40c-2.2 2.3-3.5 5.3-3.5 8.5z\"></path></svg><!-- <i class=\"fas fa-edit\"></i> --><span class=\"count\">2 .</span><span class=\"linktext\">Editor Text</span></a> <a class=\"delicon\" onclick=\"deleteclick(this);\" data-label=\"fieldques4\" data-value=\"ques4\"><svg class=\"svg-inline--fa fa-trash-alt fa-w-14\" aria-hidden=\"true\" data-prefix=\"far\" data-icon=\"trash-alt\" role=\"img\" xmlns=\"http://www.w3.org/2000/svg\" viewBox=\"0 0 448 512\" data-fa-i2svg=\"\"><path fill=\"currentColor\" d=\"M192 188v216c0 6.627-5.373 12-12 12h-24c-6.627 0-12-5.373-12-12V188c0-6.627 5.373-12 12-12h24c6.627 0 12 5.373 12 12zm100-12h-24c-6.627 0-12 5.373-12 12v216c0 6.627 5.373 12 12 12h24c6.627 0 12-5.373 12-12V188c0-6.627-5.373-12-12-12zm132-96c13.255 0 24 10.745 24 24v12c0 6.627-5.373 12-12 12h-20v336c0 26.51-21.49 48-48 48H80c-26.51 0-48-21.49-48-48V128H12c-6.627 0-12-5.373-12-12v-12c0-13.255 10.745-24 24-24h74.411l34.018-56.696A48 48 0 0 1 173.589 0h100.823a48 48 0 0 1 41.16 23.304L349.589 80H424zm-269.611 0h139.223L276.16 50.913A6 6 0 0 0 271.015 48h-94.028a6 6 0 0 0-5.145 2.913L154.389 80zM368 128H80v330a6 6 0 0 0 6 6h276a6 6 0 0 0 6-6V128z\"></path></svg><!-- <i class=\"far fa-trash-alt\"></i> --></a><a class=\"dupicon\" onclick=\"duplicateclick(this);\" data-label=\"fieldques4\" data-value=\"ques4\"><svg class=\"svg-inline--fa fa-copy fa-w-14\" aria-hidden=\"true\" data-prefix=\"far\" data-icon=\"copy\" role=\"img\" xmlns=\"http://www.w3.org/2000/svg\" viewBox=\"0 0 448 512\" data-fa-i2svg=\"\"><path fill=\"currentColor\" d=\"M433.941 65.941l-51.882-51.882A48 48 0 0 0 348.118 0H176c-26.51 0-48 21.49-48 48v48H48c-26.51 0-48 21.49-48 48v320c0 26.51 21.49 48 48 48h224c26.51 0 48-21.49 48-48v-48h80c26.51 0 48-21.49 48-48V99.882a48 48 0 0 0-14.059-33.941zM266 464H54a6 6 0 0 1-6-6V150a6 6 0 0 1 6-6h74v224c0 26.51 21.49 48 48 48h96v42a6 6 0 0 1-6 6zm128-96H182a6 6 0 0 1-6-6V54a6 6 0 0 1 6-6h106v88c0 13.255 10.745 24 24 24h88v202a6 6 0 0 1-6 6zm6-256h-64V48h9.632c1.591 0 3.117.632 4.243 1.757l48.368 48.368a6 6 0 0 1 1.757 4.243V112z\"></path></svg><!-- <i class=\"far fa-copy\"></i> --></a></li>','<fieldset id=\"fieldques4\" data-type=\"editorText\" data-fieldname=\"@editorTexteditorText\" data-fieldvalue=\"\" data-required=\"false\" data-v-a=\"false\" data-formlock=\"false\" default-lang=\"\" style=\"display: block;\"><p>	<button class=\"removeButton btn-prev\" type=\"button\" aria-controls=\"fieldques3\" prev-controls=\"fieldques3\" onclick=\"prevbtnclick(this);\"><svg class=\"svg-inline--fa fa-arrow-alt-circle-up fa-w-16\" aria-hidden=\"true\" data-prefix=\"far\" data-icon=\"arrow-alt-circle-up\" role=\"img\" xmlns=\"http://www.w3.org/2000/svg\" viewBox=\"0 0 512 512\" data-fa-i2svg=\"\"><path fill=\"currentColor\" d=\"M256 504c137 0 248-111 248-248S393 8 256 8 8 119 8 256s111 248 248 248zm0-448c110.5 0 200 89.5 200 200s-89.5 200-200 200S56 366.5 56 256 145.5 56 256 56zm20 328h-40c-6.6 0-12-5.4-12-12V256h-67c-10.7 0-16-12.9-8.5-20.5l99-99c4.7-4.7 12.3-4.7 17 0l99 99c7.6 7.6 2.2 20.5-8.5 20.5h-67v116c0 6.6-5.4 12-12 12z\"></path></svg><!-- <i class=\"far fa-arrow-alt-circle-up\"></i> -->Return</button></p><p></p><div class=\"lbl\"><span>Editor Text</span></div><div class=\"lbla_v\" style=\"display:none;\"><iframe src=\"\" class=\"displaynone\"></iframe> </div><label class=\"editorlbl\">Choose Language: </label><select id=\"editorsel4\" class=\"form-control input editorsel\" onchange=\"inputeditoronChange(this.id)\" data-type=\"code-select\"><option value=\"htmlmixed\">HTML/CSS/Jquery</option><option value=\"text/x-csrc\">C</option><option value=\"text/x-c++src\">C++</option><option value=\"text/x-python\">Python</option><option value=\"application/x-httpd-php\">PHP</option><option value=\"text/x-java\">Java</option><option value=\"text/javascript\">JavaScript</option><option value=\"text/jsx\">React</option></select><textarea class=\"editorcontrol\" id=\"codeedit4\" rows=\"5\" data-type=\"code\" style=\"display: none;\"></textarea><div class=\"CodeMirror CodeMirror-wrap cm-s-material-ocean\"><div style=\"overflow: hidden; position: relative; width: 3px; height: 0px; top: 4px; left: 33px;\"><textarea autocorrect=\"off\" autocapitalize=\"off\" spellcheck=\"false\" tabindex=\"0\" style=\"position: absolute; bottom: -1em; padding: 0px; width: 1000px; height: 1em; outline: none;\"></textarea></div><div class=\"CodeMirror-vscrollbar\" tabindex=\"-1\" cm-not-content=\"true\"><div style=\"min-width: 1px; height: 0px;\"></div></div><div class=\"CodeMirror-hscrollbar\" tabindex=\"-1\" cm-not-content=\"true\"><div style=\"height: 100%; min-height: 1px; width: 0px;\"></div></div><div class=\"CodeMirror-scrollbar-filler\" cm-not-content=\"true\"></div><div class=\"CodeMirror-gutter-filler\" cm-not-content=\"true\"></div><div class=\"CodeMirror-scroll\" tabindex=\"-1\"><div class=\"CodeMirror-sizer\" style=\"margin-left: 29px; margin-bottom: -21px; border-right-width: 9px; min-height: 28px; padding-right: 0px; padding-bottom: 0px;\"><div style=\"position: relative; top: 0px;\"><div class=\"CodeMirror-lines\" role=\"presentation\"><div role=\"presentation\" style=\"position: relative; outline: none;\"><div class=\"CodeMirror-measure\"><span><span></span>x</span><div class=\"CodeMirror-linenumber CodeMirror-gutter-elt\"><div>1</div></div></div><div class=\"CodeMirror-measure\"></div><div style=\"position: relative; z-index: 1;\"></div><div class=\"CodeMirror-cursors\" style=\"\"><div class=\"CodeMirror-cursor\" style=\"left: 4px; top: 0px; height: 20px;\">&nbsp;</div></div><div class=\"CodeMirror-code\" role=\"presentation\"><div style=\"position: relative;\"><div class=\"CodeMirror-gutter-wrapper\" style=\"left: -29px;\"><div class=\"CodeMirror-linenumber CodeMirror-gutter-elt\" style=\"left: 0px; width: 21px;\">1</div></div><pre class=\" CodeMirror-line \" role=\"presentation\"><span role=\"presentation\" style=\"padding-right: 0.1px;\"><span cm-text=\"\"></span></span></pre></div></div></div></div></div></div><div style=\"position: absolute; height: 9px; width: 1px; border-bottom: 0px solid transparent; top: 28px;\"></div><div class=\"CodeMirror-gutters\" style=\"height: 37px; left: 0px;\"><div class=\"CodeMirror-gutter CodeMirror-linenumbers\" style=\"width: 29px;\"></div></div></div></div><span id=\"errorcode4\" class=\"sperrorcode\" style=\"display: none;\">This code is required.</span><div class=\"supportlbl\"><span>Description</span></div><p></p><p class=\"controls\"><button class=\"nextButton\" type=\"submit\">Submit</button> </p></fieldset>',20),(153,'togBtn','','',20),(154,'thankyou','<a class=\"lithank\" id=\"thankyou\" onclick=\"elemclick(this.id);\" data-label=\"thankYouText\"><svg class=\"svg-inline--fa fa-thumbs-up fa-w-16\" aria-hidden=\"true\" data-prefix=\"fa\" data-icon=\"thumbs-up\" role=\"img\" xmlns=\"http://www.w3.org/2000/svg\" viewBox=\"0 0 512 512\" data-fa-i2svg=\"\"><path fill=\"currentColor\" d=\"M104 224H24c-13.255 0-24 10.745-24 24v240c0 13.255 10.745 24 24 24h80c13.255 0 24-10.745 24-24V248c0-13.255-10.745-24-24-24zM64 472c-13.255 0-24-10.745-24-24s10.745-24 24-24 24 10.745 24 24-10.745 24-24 24zM384 81.452c0 42.416-25.97 66.208-33.277 94.548h101.723c33.397 0 59.397 27.746 59.553 58.098.084 17.938-7.546 37.249-19.439 49.197l-.11.11c9.836 23.337 8.237 56.037-9.308 79.469 8.681 25.895-.069 57.704-16.382 74.757 4.298 17.598 2.244 32.575-6.148 44.632C440.202 511.587 389.616 512 346.839 512l-2.845-.001c-48.287-.017-87.806-17.598-119.56-31.725-15.957-7.099-36.821-15.887-52.651-16.178-6.54-.12-11.783-5.457-11.783-11.998v-213.77c0-3.2 1.282-6.271 3.558-8.521 39.614-39.144 56.648-80.587 89.117-113.111 14.804-14.832 20.188-37.236 25.393-58.902C282.515 39.293 291.817 0 312 0c24 0 72 8 72 81.452z\"></path></svg><!-- <i class=\"fa fa-thumbs-up\" aria-hidden=\"true\"></i> -->Thank You !</a>','\n                           <div class=\"media\">\n                              <div class=\"pie_progress\" role=\"progressbar\" data-goal=\"100\">\n                                 <div class=\"pie_progress__number\">0%</div>\n                                 <div class=\"pie_progress__label\">Submitted</div>\n                              </div>\n                           </div>\n                           <div class=\"title\">\n                              <div class=\"lblti\"><span>Thank You!</span></div>\n                           </div>\n                           <div class=\"descrip\">\n                              <div class=\"lbldesc\"><span>Your form as beeen submitted successfully we will reach you Shortly. thank you for your Time.</span></div>\n                           </div>\n                        ',20),(155,'trigger','[]','[]',20),(181,'ques3','<li class=\"ques3\"><a class=\"lielement\" id=\"ques3\" onclick=\"elemclick(this.id);\" data-label=\"shortText\"><svg class=\"svg-inline--fa fa-i-cursor fa-w-8\" aria-hidden=\"true\" data-prefix=\"fas\" data-icon=\"i-cursor\" role=\"img\" xmlns=\"http://www.w3.org/2000/svg\" viewBox=\"0 0 256 512\" data-fa-i2svg=\"\"><path fill=\"currentColor\" d=\"M256 52.048V12.065C256 5.496 250.726.148 244.158.066 211.621-.344 166.469.011 128 37.959 90.266.736 46.979-.114 11.913.114 5.318.157 0 5.519 0 12.114v39.645c0 6.687 5.458 12.078 12.145 11.998C38.111 63.447 96 67.243 96 112.182V224H60c-6.627 0-12 5.373-12 12v40c0 6.627 5.373 12 12 12h36v112c0 44.932-56.075 48.031-83.95 47.959C5.404 447.942 0 453.306 0 459.952v39.983c0 6.569 5.274 11.917 11.842 11.999 32.537.409 77.689.054 116.158-37.894 37.734 37.223 81.021 38.073 116.087 37.845 6.595-.043 11.913-5.405 11.913-12V460.24c0-6.687-5.458-12.078-12.145-11.998C217.889 448.553 160 444.939 160 400V288h36c6.627 0 12-5.373 12-12v-40c0-6.627-5.373-12-12-12h-36V112.182c0-44.932 56.075-48.213 83.95-48.142 6.646.018 12.05-5.346 12.05-11.992z\"></path></svg><!-- <i class=\"fas fa-i-cursor\"></i> --><span class=\"count\">1 .</span><span class=\"linktext\">Your Name</span></a> <a class=\"delicon\" onclick=\"deleteclick(this);\" data-label=\"fieldques3\" data-value=\"ques3\"><svg class=\"svg-inline--fa fa-trash-alt fa-w-14\" aria-hidden=\"true\" data-prefix=\"far\" data-icon=\"trash-alt\" role=\"img\" xmlns=\"http://www.w3.org/2000/svg\" viewBox=\"0 0 448 512\" data-fa-i2svg=\"\"><path fill=\"currentColor\" d=\"M192 188v216c0 6.627-5.373 12-12 12h-24c-6.627 0-12-5.373-12-12V188c0-6.627 5.373-12 12-12h24c6.627 0 12 5.373 12 12zm100-12h-24c-6.627 0-12 5.373-12 12v216c0 6.627 5.373 12 12 12h24c6.627 0 12-5.373 12-12V188c0-6.627-5.373-12-12-12zm132-96c13.255 0 24 10.745 24 24v12c0 6.627-5.373 12-12 12h-20v336c0 26.51-21.49 48-48 48H80c-26.51 0-48-21.49-48-48V128H12c-6.627 0-12-5.373-12-12v-12c0-13.255 10.745-24 24-24h74.411l34.018-56.696A48 48 0 0 1 173.589 0h100.823a48 48 0 0 1 41.16 23.304L349.589 80H424zm-269.611 0h139.223L276.16 50.913A6 6 0 0 0 271.015 48h-94.028a6 6 0 0 0-5.145 2.913L154.389 80zM368 128H80v330a6 6 0 0 0 6 6h276a6 6 0 0 0 6-6V128z\"></path></svg><!-- <i class=\"far fa-trash-alt\"></i> --></a><a class=\"dupicon\" onclick=\"duplicateclick(this);\" data-label=\"fieldques3\" data-value=\"ques3\"><svg class=\"svg-inline--fa fa-copy fa-w-14\" aria-hidden=\"true\" data-prefix=\"far\" data-icon=\"copy\" role=\"img\" xmlns=\"http://www.w3.org/2000/svg\" viewBox=\"0 0 448 512\" data-fa-i2svg=\"\"><path fill=\"currentColor\" d=\"M433.941 65.941l-51.882-51.882A48 48 0 0 0 348.118 0H176c-26.51 0-48 21.49-48 48v48H48c-26.51 0-48 21.49-48 48v320c0 26.51 21.49 48 48 48h224c26.51 0 48-21.49 48-48v-48h80c26.51 0 48-21.49 48-48V99.882a48 48 0 0 0-14.059-33.941zM266 464H54a6 6 0 0 1-6-6V150a6 6 0 0 1 6-6h74v224c0 26.51 21.49 48 48 48h96v42a6 6 0 0 1-6 6zm128-96H182a6 6 0 0 1-6-6V54a6 6 0 0 1 6-6h106v88c0 13.255 10.745 24 24 24h88v202a6 6 0 0 1-6 6zm6-256h-64V48h9.632c1.591 0 3.117.632 4.243 1.757l48.368 48.368a6 6 0 0 1 1.757 4.243V112z\"></path></svg><!-- <i class=\"far fa-copy\"></i> --></a></li>','<fieldset id=\"fieldques3\" data-type=\"shortText\" data-fieldname=\"@shortTextshortText\" data-column=\"field3\" data-fieldvalue=\"\" data-v-a=\"false\" data-formlock=\"false\" style=\"display: none;\"><p>	<button class=\"removeButton btn-prev\" type=\"button\" aria-controls=\"welcomestep\" prev-controls=\"fieldques3\" onclick=\"prevbtnclick(this);\"><svg class=\"svg-inline--fa fa-arrow-alt-circle-up fa-w-16\" aria-hidden=\"true\" data-prefix=\"far\" data-icon=\"arrow-alt-circle-up\" role=\"img\" xmlns=\"http://www.w3.org/2000/svg\" viewBox=\"0 0 512 512\" data-fa-i2svg=\"\"><path fill=\"currentColor\" d=\"M256 504c137 0 248-111 248-248S393 8 256 8 8 119 8 256s111 248 248 248zm0-448c110.5 0 200 89.5 200 200s-89.5 200-200 200S56 366.5 56 256 145.5 56 256 56zm20 328h-40c-6.6 0-12-5.4-12-12V256h-67c-10.7 0-16-12.9-8.5-20.5l99-99c4.7-4.7 12.3-4.7 17 0l99 99c7.6 7.6 2.2 20.5-8.5 20.5h-67v116c0 6.6-5.4 12-12 12z\"></path></svg><!-- <i class=\"far fa-arrow-alt-circle-up\"></i> -->Return</button></p><p></p><div class=\"lbl\"><span>Your Name</span></div><div class=\"lbla_v\" style=\"display:none;\"><iframe src=\"\" class=\"displaynone\"></iframe></div><input class=\"form-control input\" type=\"text\" data-type=\"text\" onchange=\"inputonChange(this)\" onkeypress=\"inputonkeypress(this)\"><div class=\"supportlbl\"><span>Description</span></div><p></p><p class=\"controls\" aria-hidden=\"false\"><button class=\"nextButton btn-next\" type=\"button\" aria-controls=\"fieldques4\" next-controls=\"fieldques4\" onclick=\"nextbtnclick(this);\">Next</button><button class=\"btn btn-default btn-enter\" type=\"button\" aria-controls=\"fieldques4\" next-controls=\"fieldques4\" onclick=\"enterbtnclick(this);\">Press <span class=\"f-string-em\">Enter</span></button></p></fieldset>',3),(182,'ques4','<li class=\"ques4\"><a class=\"lielement\" id=\"ques4\" onclick=\"elemclick(this.id);\" data-label=\"emailAddress\"><svg class=\"svg-inline--fa fa-envelope fa-w-16\" aria-hidden=\"true\" data-prefix=\"far\" data-icon=\"envelope\" role=\"img\" xmlns=\"http://www.w3.org/2000/svg\" viewBox=\"0 0 512 512\" data-fa-i2svg=\"\"><path fill=\"currentColor\" d=\"M464 64H48C21.49 64 0 85.49 0 112v288c0 26.51 21.49 48 48 48h416c26.51 0 48-21.49 48-48V112c0-26.51-21.49-48-48-48zm0 48v40.805c-22.422 18.259-58.168 46.651-134.587 106.49-16.841 13.247-50.201 45.072-73.413 44.701-23.208.375-56.579-31.459-73.413-44.701C106.18 199.465 70.425 171.067 48 152.805V112h416zM48 400V214.398c22.914 18.251 55.409 43.862 104.938 82.646 21.857 17.205 60.134 55.186 103.062 54.955 42.717.231 80.509-37.199 103.053-54.947 49.528-38.783 82.032-64.401 104.947-82.653V400H48z\"></path></svg><!-- <i class=\"far fa-envelope\"></i> --><span class=\"count\">2 .</span><span class=\"linktext\">Your Email</span></a> <a class=\"delicon\" onclick=\"deleteclick(this);\" data-label=\"fieldques4\" data-value=\"ques4\"><svg class=\"svg-inline--fa fa-trash-alt fa-w-14\" aria-hidden=\"true\" data-prefix=\"far\" data-icon=\"trash-alt\" role=\"img\" xmlns=\"http://www.w3.org/2000/svg\" viewBox=\"0 0 448 512\" data-fa-i2svg=\"\"><path fill=\"currentColor\" d=\"M192 188v216c0 6.627-5.373 12-12 12h-24c-6.627 0-12-5.373-12-12V188c0-6.627 5.373-12 12-12h24c6.627 0 12 5.373 12 12zm100-12h-24c-6.627 0-12 5.373-12 12v216c0 6.627 5.373 12 12 12h24c6.627 0 12-5.373 12-12V188c0-6.627-5.373-12-12-12zm132-96c13.255 0 24 10.745 24 24v12c0 6.627-5.373 12-12 12h-20v336c0 26.51-21.49 48-48 48H80c-26.51 0-48-21.49-48-48V128H12c-6.627 0-12-5.373-12-12v-12c0-13.255 10.745-24 24-24h74.411l34.018-56.696A48 48 0 0 1 173.589 0h100.823a48 48 0 0 1 41.16 23.304L349.589 80H424zm-269.611 0h139.223L276.16 50.913A6 6 0 0 0 271.015 48h-94.028a6 6 0 0 0-5.145 2.913L154.389 80zM368 128H80v330a6 6 0 0 0 6 6h276a6 6 0 0 0 6-6V128z\"></path></svg><!-- <i class=\"far fa-trash-alt\"></i> --></a><a class=\"dupicon\" onclick=\"duplicateclick(this);\" data-label=\"fieldques4\" data-value=\"ques4\"><svg class=\"svg-inline--fa fa-copy fa-w-14\" aria-hidden=\"true\" data-prefix=\"far\" data-icon=\"copy\" role=\"img\" xmlns=\"http://www.w3.org/2000/svg\" viewBox=\"0 0 448 512\" data-fa-i2svg=\"\"><path fill=\"currentColor\" d=\"M433.941 65.941l-51.882-51.882A48 48 0 0 0 348.118 0H176c-26.51 0-48 21.49-48 48v48H48c-26.51 0-48 21.49-48 48v320c0 26.51 21.49 48 48 48h224c26.51 0 48-21.49 48-48v-48h80c26.51 0 48-21.49 48-48V99.882a48 48 0 0 0-14.059-33.941zM266 464H54a6 6 0 0 1-6-6V150a6 6 0 0 1 6-6h74v224c0 26.51 21.49 48 48 48h96v42a6 6 0 0 1-6 6zm128-96H182a6 6 0 0 1-6-6V54a6 6 0 0 1 6-6h106v88c0 13.255 10.745 24 24 24h88v202a6 6 0 0 1-6 6zm6-256h-64V48h9.632c1.591 0 3.117.632 4.243 1.757l48.368 48.368a6 6 0 0 1 1.757 4.243V112z\"></path></svg><!-- <i class=\"far fa-copy\"></i> --></a></li>','<fieldset id=\"fieldques4\" data-type=\"emailAddress\" data-fieldname=\"@emailAddressemailAddress\" data-column=\"field4\" data-fieldvalue=\"\" data-v-a=\"false\" data-formlock=\"false\" style=\"display: none;\"><p>	<button class=\"removeButton btn-prev\" type=\"button\" aria-controls=\"fieldques3\" prev-controls=\"fieldques4\" onclick=\"prevbtnclick(this);\"><svg class=\"svg-inline--fa fa-arrow-alt-circle-up fa-w-16\" aria-hidden=\"true\" data-prefix=\"far\" data-icon=\"arrow-alt-circle-up\" role=\"img\" xmlns=\"http://www.w3.org/2000/svg\" viewBox=\"0 0 512 512\" data-fa-i2svg=\"\"><path fill=\"currentColor\" d=\"M256 504c137 0 248-111 248-248S393 8 256 8 8 119 8 256s111 248 248 248zm0-448c110.5 0 200 89.5 200 200s-89.5 200-200 200S56 366.5 56 256 145.5 56 256 56zm20 328h-40c-6.6 0-12-5.4-12-12V256h-67c-10.7 0-16-12.9-8.5-20.5l99-99c4.7-4.7 12.3-4.7 17 0l99 99c7.6 7.6 2.2 20.5-8.5 20.5h-67v116c0 6.6-5.4 12-12 12z\"></path></svg><!-- <i class=\"far fa-arrow-alt-circle-up\"></i> -->Return</button></p><p></p><div class=\"lbl\"><span>Your Email</span></div><div class=\"lbla_v\" style=\"display:none;\"><iframe src=\"\" class=\"displaynone\"></iframe> </div><input class=\"form-control input\" type=\"email\" name=\"email\" data-type=\"email\" onchange=\"inputonChange(this)\" onkeypress=\"inputonkeypress(this)\"><div class=\"supportlbl\"><span>Description</span></div><p></p><p class=\"controls\" aria-hidden=\"false\"><button class=\"nextButton btn-next\" type=\"button\" aria-controls=\"fieldques5\" next-controls=\"fieldques5\" onclick=\"nextbtnclick(this);\">Next</button><button class=\"btn btn-default btn-enter\" type=\"button\" aria-controls=\"fieldques5\" next-controls=\"fieldques5\" onclick=\"enterbtnclick(this);\">Press <span class=\"f-string-em\">Enter</span></button></p></fieldset>',3),(183,'ques5','<li class=\"ques5\"><a class=\"lielement\" id=\"ques5\" onclick=\"elemclick(this.id);\" data-label=\"videoUpload\"><svg class=\"svg-inline--fa fa-video fa-w-18\" aria-hidden=\"true\" data-prefix=\"fas\" data-icon=\"video\" role=\"img\" xmlns=\"http://www.w3.org/2000/svg\" viewBox=\"0 0 576 512\" data-fa-i2svg=\"\"><path fill=\"currentColor\" d=\"M336.2 64H47.8C21.4 64 0 85.4 0 111.8v288.4C0 426.6 21.4 448 47.8 448h288.4c26.4 0 47.8-21.4 47.8-47.8V111.8c0-26.4-21.4-47.8-47.8-47.8zm189.4 37.7L416 177.3v157.4l109.6 75.5c21.2 14.6 50.4-.3 50.4-25.8V127.5c0-25.4-29.1-40.4-50.4-25.8z\"></path></svg><!-- <i class=\"fas fa-video\"></i> --><span class=\"count\">3 .</span><span class=\"linktext\">Interview Question 1</span></a> <a class=\"delicon\" onclick=\"deleteclick(this);\" data-label=\"fieldques5\" data-value=\"ques5\"><svg class=\"svg-inline--fa fa-trash-alt fa-w-14\" aria-hidden=\"true\" data-prefix=\"far\" data-icon=\"trash-alt\" role=\"img\" xmlns=\"http://www.w3.org/2000/svg\" viewBox=\"0 0 448 512\" data-fa-i2svg=\"\"><path fill=\"currentColor\" d=\"M192 188v216c0 6.627-5.373 12-12 12h-24c-6.627 0-12-5.373-12-12V188c0-6.627 5.373-12 12-12h24c6.627 0 12 5.373 12 12zm100-12h-24c-6.627 0-12 5.373-12 12v216c0 6.627 5.373 12 12 12h24c6.627 0 12-5.373 12-12V188c0-6.627-5.373-12-12-12zm132-96c13.255 0 24 10.745 24 24v12c0 6.627-5.373 12-12 12h-20v336c0 26.51-21.49 48-48 48H80c-26.51 0-48-21.49-48-48V128H12c-6.627 0-12-5.373-12-12v-12c0-13.255 10.745-24 24-24h74.411l34.018-56.696A48 48 0 0 1 173.589 0h100.823a48 48 0 0 1 41.16 23.304L349.589 80H424zm-269.611 0h139.223L276.16 50.913A6 6 0 0 0 271.015 48h-94.028a6 6 0 0 0-5.145 2.913L154.389 80zM368 128H80v330a6 6 0 0 0 6 6h276a6 6 0 0 0 6-6V128z\"></path></svg><!-- <i class=\"far fa-trash-alt\"></i> --></a><a class=\"dupicon\" onclick=\"duplicateclick(this);\" data-label=\"fieldques5\" data-value=\"ques5\"><svg class=\"svg-inline--fa fa-copy fa-w-14\" aria-hidden=\"true\" data-prefix=\"far\" data-icon=\"copy\" role=\"img\" xmlns=\"http://www.w3.org/2000/svg\" viewBox=\"0 0 448 512\" data-fa-i2svg=\"\"><path fill=\"currentColor\" d=\"M433.941 65.941l-51.882-51.882A48 48 0 0 0 348.118 0H176c-26.51 0-48 21.49-48 48v48H48c-26.51 0-48 21.49-48 48v320c0 26.51 21.49 48 48 48h224c26.51 0 48-21.49 48-48v-48h80c26.51 0 48-21.49 48-48V99.882a48 48 0 0 0-14.059-33.941zM266 464H54a6 6 0 0 1-6-6V150a6 6 0 0 1 6-6h74v224c0 26.51 21.49 48 48 48h96v42a6 6 0 0 1-6 6zm128-96H182a6 6 0 0 1-6-6V54a6 6 0 0 1 6-6h106v88c0 13.255 10.745 24 24 24h88v202a6 6 0 0 1-6 6zm6-256h-64V48h9.632c1.591 0 3.117.632 4.243 1.757l48.368 48.368a6 6 0 0 1 1.757 4.243V112z\"></path></svg><!-- <i class=\"far fa-copy\"></i> --></a></li>','<fieldset id=\"fieldques5\" data-type=\"videoUpload\" data-fieldname=\"@videoUploadvideoUpload\" data-column=\"field5\" data-fieldvalue=\"\" data-v-a=\"false\" data-formlock=\"false\" style=\"display: none;\"><p>	<button class=\"removeButton btn-prev\" type=\"button\" aria-controls=\"fieldques4\" prev-controls=\"fieldques4\" onclick=\"prevbtnclick(this);\"><svg class=\"svg-inline--fa fa-arrow-alt-circle-up fa-w-16\" aria-hidden=\"true\" data-prefix=\"far\" data-icon=\"arrow-alt-circle-up\" role=\"img\" xmlns=\"http://www.w3.org/2000/svg\" viewBox=\"0 0 512 512\" data-fa-i2svg=\"\"><path fill=\"currentColor\" d=\"M256 504c137 0 248-111 248-248S393 8 256 8 8 119 8 256s111 248 248 248zm0-448c110.5 0 200 89.5 200 200s-89.5 200-200 200S56 366.5 56 256 145.5 56 256 56zm20 328h-40c-6.6 0-12-5.4-12-12V256h-67c-10.7 0-16-12.9-8.5-20.5l99-99c4.7-4.7 12.3-4.7 17 0l99 99c7.6 7.6 2.2 20.5-8.5 20.5h-67v116c0 6.6-5.4 12-12 12z\"></path></svg><!-- <i class=\"far fa-arrow-alt-circle-up\"></i> -->Return</button></p><p></p><div class=\"lbl\"><span>Interview Question 1</span></div><div class=\"lbla_v\" style=\"display:none;\"><iframe src=\"\" class=\"displaynone\"></iframe> </div><input type=\"text\" class=\"videourl\" data-type=\"link\" value=\"\"><a class=\"videoclck\" onclick=\"videoclick(this);\"><svg class=\"svg-inline--fa fa-video fa-w-18\" aria-hidden=\"true\" data-prefix=\"fas\" data-icon=\"video\" role=\"img\" xmlns=\"http://www.w3.org/2000/svg\" viewBox=\"0 0 576 512\" data-fa-i2svg=\"\"><path fill=\"currentColor\" d=\"M336.2 64H47.8C21.4 64 0 85.4 0 111.8v288.4C0 426.6 21.4 448 47.8 448h288.4c26.4 0 47.8-21.4 47.8-47.8V111.8c0-26.4-21.4-47.8-47.8-47.8zm189.4 37.7L416 177.3v157.4l109.6 75.5c21.2 14.6 50.4-.3 50.4-25.8V127.5c0-25.4-29.1-40.4-50.4-25.8z\"></path></svg><!-- <i class=\"fas fa-video\"></i> --></a><div class=\"supportlbl\"><span>Description</span></div><p></p><p class=\"controls\" aria-hidden=\"false\"><button class=\"nextButton btn-next\" type=\"button\" aria-controls=\"fieldques6\" next-controls=\"fieldques6\" onclick=\"nextbtnclick(this);\">Next</button><button class=\"btn btn-default btn-enter\" type=\"button\" aria-controls=\"fieldques6\" next-controls=\"fieldques6\" onclick=\"enterbtnclick(this);\">Press <span class=\"f-string-em\">Enter</span></button></p></fieldset>',3),(184,'ques6','<li class=\"ques6\"><a class=\"lielement\" id=\"ques6\" onclick=\"elemclick(this.id);\" data-label=\"videoUpload\"><svg class=\"svg-inline--fa fa-video fa-w-18\" aria-hidden=\"true\" data-prefix=\"fas\" data-icon=\"video\" role=\"img\" xmlns=\"http://www.w3.org/2000/svg\" viewBox=\"0 0 576 512\" data-fa-i2svg=\"\"><path fill=\"currentColor\" d=\"M336.2 64H47.8C21.4 64 0 85.4 0 111.8v288.4C0 426.6 21.4 448 47.8 448h288.4c26.4 0 47.8-21.4 47.8-47.8V111.8c0-26.4-21.4-47.8-47.8-47.8zm189.4 37.7L416 177.3v157.4l109.6 75.5c21.2 14.6 50.4-.3 50.4-25.8V127.5c0-25.4-29.1-40.4-50.4-25.8z\"></path></svg><!-- <i class=\"fas fa-video\"></i> --><span class=\"count\">4 .</span><span class=\"linktext\">Interview Question 2</span></a> <a class=\"delicon\" onclick=\"deleteclick(this);\" data-label=\"fieldques6\" data-value=\"ques6\"><svg class=\"svg-inline--fa fa-trash-alt fa-w-14\" aria-hidden=\"true\" data-prefix=\"far\" data-icon=\"trash-alt\" role=\"img\" xmlns=\"http://www.w3.org/2000/svg\" viewBox=\"0 0 448 512\" data-fa-i2svg=\"\"><path fill=\"currentColor\" d=\"M192 188v216c0 6.627-5.373 12-12 12h-24c-6.627 0-12-5.373-12-12V188c0-6.627 5.373-12 12-12h24c6.627 0 12 5.373 12 12zm100-12h-24c-6.627 0-12 5.373-12 12v216c0 6.627 5.373 12 12 12h24c6.627 0 12-5.373 12-12V188c0-6.627-5.373-12-12-12zm132-96c13.255 0 24 10.745 24 24v12c0 6.627-5.373 12-12 12h-20v336c0 26.51-21.49 48-48 48H80c-26.51 0-48-21.49-48-48V128H12c-6.627 0-12-5.373-12-12v-12c0-13.255 10.745-24 24-24h74.411l34.018-56.696A48 48 0 0 1 173.589 0h100.823a48 48 0 0 1 41.16 23.304L349.589 80H424zm-269.611 0h139.223L276.16 50.913A6 6 0 0 0 271.015 48h-94.028a6 6 0 0 0-5.145 2.913L154.389 80zM368 128H80v330a6 6 0 0 0 6 6h276a6 6 0 0 0 6-6V128z\"></path></svg><!-- <i class=\"far fa-trash-alt\"></i> --></a><a class=\"dupicon\" onclick=\"duplicateclick(this);\" data-label=\"fieldques6\" data-value=\"ques6\"><svg class=\"svg-inline--fa fa-copy fa-w-14\" aria-hidden=\"true\" data-prefix=\"far\" data-icon=\"copy\" role=\"img\" xmlns=\"http://www.w3.org/2000/svg\" viewBox=\"0 0 448 512\" data-fa-i2svg=\"\"><path fill=\"currentColor\" d=\"M433.941 65.941l-51.882-51.882A48 48 0 0 0 348.118 0H176c-26.51 0-48 21.49-48 48v48H48c-26.51 0-48 21.49-48 48v320c0 26.51 21.49 48 48 48h224c26.51 0 48-21.49 48-48v-48h80c26.51 0 48-21.49 48-48V99.882a48 48 0 0 0-14.059-33.941zM266 464H54a6 6 0 0 1-6-6V150a6 6 0 0 1 6-6h74v224c0 26.51 21.49 48 48 48h96v42a6 6 0 0 1-6 6zm128-96H182a6 6 0 0 1-6-6V54a6 6 0 0 1 6-6h106v88c0 13.255 10.745 24 24 24h88v202a6 6 0 0 1-6 6zm6-256h-64V48h9.632c1.591 0 3.117.632 4.243 1.757l48.368 48.368a6 6 0 0 1 1.757 4.243V112z\"></path></svg><!-- <i class=\"far fa-copy\"></i> --></a></li>','<fieldset id=\"fieldques6\" data-type=\"videoUpload\" data-fieldname=\"@videoUploadvideoUpload\" data-column=\"field6\" data-fieldvalue=\"\" data-v-a=\"false\" data-formlock=\"false\" style=\"display: none;\"><p>	<button class=\"removeButton btn-prev\" type=\"button\" aria-controls=\"fieldques5\" prev-controls=\"fieldques5\" onclick=\"prevbtnclick(this);\"><svg class=\"svg-inline--fa fa-arrow-alt-circle-up fa-w-16\" aria-hidden=\"true\" data-prefix=\"far\" data-icon=\"arrow-alt-circle-up\" role=\"img\" xmlns=\"http://www.w3.org/2000/svg\" viewBox=\"0 0 512 512\" data-fa-i2svg=\"\"><path fill=\"currentColor\" d=\"M256 504c137 0 248-111 248-248S393 8 256 8 8 119 8 256s111 248 248 248zm0-448c110.5 0 200 89.5 200 200s-89.5 200-200 200S56 366.5 56 256 145.5 56 256 56zm20 328h-40c-6.6 0-12-5.4-12-12V256h-67c-10.7 0-16-12.9-8.5-20.5l99-99c4.7-4.7 12.3-4.7 17 0l99 99c7.6 7.6 2.2 20.5-8.5 20.5h-67v116c0 6.6-5.4 12-12 12z\"></path></svg><!-- <i class=\"far fa-arrow-alt-circle-up\"></i> -->Return</button></p><p></p><div class=\"lbl\"><span>Interview Question 2</span></div><div class=\"lbla_v\" style=\"display:none;\"><iframe src=\"\" class=\"displaynone\"></iframe> </div><input type=\"text\" class=\"videourl\" data-type=\"link\" value=\"\"><a class=\"videoclck\" onclick=\"videoclick(this);\"><svg class=\"svg-inline--fa fa-video fa-w-18\" aria-hidden=\"true\" data-prefix=\"fas\" data-icon=\"video\" role=\"img\" xmlns=\"http://www.w3.org/2000/svg\" viewBox=\"0 0 576 512\" data-fa-i2svg=\"\"><path fill=\"currentColor\" d=\"M336.2 64H47.8C21.4 64 0 85.4 0 111.8v288.4C0 426.6 21.4 448 47.8 448h288.4c26.4 0 47.8-21.4 47.8-47.8V111.8c0-26.4-21.4-47.8-47.8-47.8zm189.4 37.7L416 177.3v157.4l109.6 75.5c21.2 14.6 50.4-.3 50.4-25.8V127.5c0-25.4-29.1-40.4-50.4-25.8z\"></path></svg><!-- <i class=\"fas fa-video\"></i> --></a><div class=\"supportlbl\"><span>Description</span></div><p></p><p class=\"controls\" aria-hidden=\"false\"><button class=\"nextButton btn-next\" type=\"button\" aria-controls=\"fieldques7\" next-controls=\"fieldques7\" onclick=\"nextbtnclick(this);\">Next</button><button class=\"btn btn-default btn-enter\" type=\"button\" aria-controls=\"fieldques7\" next-controls=\"fieldques7\" onclick=\"enterbtnclick(this);\">Press <span class=\"f-string-em\">Enter</span></button></p></fieldset>',3),(185,'ques7','<li class=\"ques7\"><a class=\"lielement\" id=\"ques7\" onclick=\"elemclick(this.id);\" data-label=\"videoUpload\"><svg class=\"svg-inline--fa fa-video fa-w-18\" aria-hidden=\"true\" data-prefix=\"fas\" data-icon=\"video\" role=\"img\" xmlns=\"http://www.w3.org/2000/svg\" viewBox=\"0 0 576 512\" data-fa-i2svg=\"\"><path fill=\"currentColor\" d=\"M336.2 64H47.8C21.4 64 0 85.4 0 111.8v288.4C0 426.6 21.4 448 47.8 448h288.4c26.4 0 47.8-21.4 47.8-47.8V111.8c0-26.4-21.4-47.8-47.8-47.8zm189.4 37.7L416 177.3v157.4l109.6 75.5c21.2 14.6 50.4-.3 50.4-25.8V127.5c0-25.4-29.1-40.4-50.4-25.8z\"></path></svg><!-- <i class=\"fas fa-video\"></i> --><span class=\"count\">5 .</span><span class=\"linktext\">Interview Question 3</span></a> <a class=\"delicon\" onclick=\"deleteclick(this);\" data-label=\"fieldques7\" data-value=\"ques7\"><svg class=\"svg-inline--fa fa-trash-alt fa-w-14\" aria-hidden=\"true\" data-prefix=\"far\" data-icon=\"trash-alt\" role=\"img\" xmlns=\"http://www.w3.org/2000/svg\" viewBox=\"0 0 448 512\" data-fa-i2svg=\"\"><path fill=\"currentColor\" d=\"M192 188v216c0 6.627-5.373 12-12 12h-24c-6.627 0-12-5.373-12-12V188c0-6.627 5.373-12 12-12h24c6.627 0 12 5.373 12 12zm100-12h-24c-6.627 0-12 5.373-12 12v216c0 6.627 5.373 12 12 12h24c6.627 0 12-5.373 12-12V188c0-6.627-5.373-12-12-12zm132-96c13.255 0 24 10.745 24 24v12c0 6.627-5.373 12-12 12h-20v336c0 26.51-21.49 48-48 48H80c-26.51 0-48-21.49-48-48V128H12c-6.627 0-12-5.373-12-12v-12c0-13.255 10.745-24 24-24h74.411l34.018-56.696A48 48 0 0 1 173.589 0h100.823a48 48 0 0 1 41.16 23.304L349.589 80H424zm-269.611 0h139.223L276.16 50.913A6 6 0 0 0 271.015 48h-94.028a6 6 0 0 0-5.145 2.913L154.389 80zM368 128H80v330a6 6 0 0 0 6 6h276a6 6 0 0 0 6-6V128z\"></path></svg><!-- <i class=\"far fa-trash-alt\"></i> --></a><a class=\"dupicon\" onclick=\"duplicateclick(this);\" data-label=\"fieldques7\" data-value=\"ques7\"><svg class=\"svg-inline--fa fa-copy fa-w-14\" aria-hidden=\"true\" data-prefix=\"far\" data-icon=\"copy\" role=\"img\" xmlns=\"http://www.w3.org/2000/svg\" viewBox=\"0 0 448 512\" data-fa-i2svg=\"\"><path fill=\"currentColor\" d=\"M433.941 65.941l-51.882-51.882A48 48 0 0 0 348.118 0H176c-26.51 0-48 21.49-48 48v48H48c-26.51 0-48 21.49-48 48v320c0 26.51 21.49 48 48 48h224c26.51 0 48-21.49 48-48v-48h80c26.51 0 48-21.49 48-48V99.882a48 48 0 0 0-14.059-33.941zM266 464H54a6 6 0 0 1-6-6V150a6 6 0 0 1 6-6h74v224c0 26.51 21.49 48 48 48h96v42a6 6 0 0 1-6 6zm128-96H182a6 6 0 0 1-6-6V54a6 6 0 0 1 6-6h106v88c0 13.255 10.745 24 24 24h88v202a6 6 0 0 1-6 6zm6-256h-64V48h9.632c1.591 0 3.117.632 4.243 1.757l48.368 48.368a6 6 0 0 1 1.757 4.243V112z\"></path></svg><!-- <i class=\"far fa-copy\"></i> --></a></li>','<fieldset id=\"fieldques7\" data-type=\"videoUpload\" data-fieldname=\"@videoUploadvideoUpload\" data-column=\"field7\" data-fieldvalue=\"\" data-v-a=\"false\" data-formlock=\"false\" style=\"display: none;\"><p>	<button class=\"removeButton btn-prev\" type=\"button\" aria-controls=\"fieldques6\" prev-controls=\"fieldques6\" onclick=\"prevbtnclick(this);\"><svg class=\"svg-inline--fa fa-arrow-alt-circle-up fa-w-16\" aria-hidden=\"true\" data-prefix=\"far\" data-icon=\"arrow-alt-circle-up\" role=\"img\" xmlns=\"http://www.w3.org/2000/svg\" viewBox=\"0 0 512 512\" data-fa-i2svg=\"\"><path fill=\"currentColor\" d=\"M256 504c137 0 248-111 248-248S393 8 256 8 8 119 8 256s111 248 248 248zm0-448c110.5 0 200 89.5 200 200s-89.5 200-200 200S56 366.5 56 256 145.5 56 256 56zm20 328h-40c-6.6 0-12-5.4-12-12V256h-67c-10.7 0-16-12.9-8.5-20.5l99-99c4.7-4.7 12.3-4.7 17 0l99 99c7.6 7.6 2.2 20.5-8.5 20.5h-67v116c0 6.6-5.4 12-12 12z\"></path></svg><!-- <i class=\"far fa-arrow-alt-circle-up\"></i> -->Return</button></p><p></p><div class=\"lbl\"><span>Interview Question 3</span></div><div class=\"lbla_v\" style=\"display:none;\"><iframe src=\"\" class=\"displaynone\"></iframe> </div><input type=\"text\" class=\"videourl\" data-type=\"link\" value=\"\"><a class=\"videoclck\" onclick=\"videoclick(this);\"><svg class=\"svg-inline--fa fa-video fa-w-18\" aria-hidden=\"true\" data-prefix=\"fas\" data-icon=\"video\" role=\"img\" xmlns=\"http://www.w3.org/2000/svg\" viewBox=\"0 0 576 512\" data-fa-i2svg=\"\"><path fill=\"currentColor\" d=\"M336.2 64H47.8C21.4 64 0 85.4 0 111.8v288.4C0 426.6 21.4 448 47.8 448h288.4c26.4 0 47.8-21.4 47.8-47.8V111.8c0-26.4-21.4-47.8-47.8-47.8zm189.4 37.7L416 177.3v157.4l109.6 75.5c21.2 14.6 50.4-.3 50.4-25.8V127.5c0-25.4-29.1-40.4-50.4-25.8z\"></path></svg><!-- <i class=\"fas fa-video\"></i> --></a><div class=\"supportlbl\"><span>Description</span></div><p></p><p class=\"controls\" aria-hidden=\"false\"><button class=\"nextButton btn-next\" type=\"button\" aria-controls=\"fieldques8\" next-controls=\"fieldques8\" onclick=\"nextbtnclick(this);\">Next</button><button class=\"btn btn-default btn-enter\" type=\"button\" aria-controls=\"fieldques8\" next-controls=\"fieldques8\" onclick=\"enterbtnclick(this);\">Press <span class=\"f-string-em\">Enter</span></button></p></fieldset>',3),(186,'ques8','<li class=\"ques8\"><a class=\"lielement\" id=\"ques8\" onclick=\"elemclick(this.id);\" data-label=\"videoUpload\"><svg class=\"svg-inline--fa fa-video fa-w-18\" aria-hidden=\"true\" data-prefix=\"fas\" data-icon=\"video\" role=\"img\" xmlns=\"http://www.w3.org/2000/svg\" viewBox=\"0 0 576 512\" data-fa-i2svg=\"\"><path fill=\"currentColor\" d=\"M336.2 64H47.8C21.4 64 0 85.4 0 111.8v288.4C0 426.6 21.4 448 47.8 448h288.4c26.4 0 47.8-21.4 47.8-47.8V111.8c0-26.4-21.4-47.8-47.8-47.8zm189.4 37.7L416 177.3v157.4l109.6 75.5c21.2 14.6 50.4-.3 50.4-25.8V127.5c0-25.4-29.1-40.4-50.4-25.8z\"></path></svg><!-- <i class=\"fas fa-video\"></i> --><span class=\"count\">6 .</span><span class=\"linktext\">Interview Question 4</span></a> <a class=\"delicon\" onclick=\"deleteclick(this);\" data-label=\"fieldques8\" data-value=\"ques8\"><svg class=\"svg-inline--fa fa-trash-alt fa-w-14\" aria-hidden=\"true\" data-prefix=\"far\" data-icon=\"trash-alt\" role=\"img\" xmlns=\"http://www.w3.org/2000/svg\" viewBox=\"0 0 448 512\" data-fa-i2svg=\"\"><path fill=\"currentColor\" d=\"M192 188v216c0 6.627-5.373 12-12 12h-24c-6.627 0-12-5.373-12-12V188c0-6.627 5.373-12 12-12h24c6.627 0 12 5.373 12 12zm100-12h-24c-6.627 0-12 5.373-12 12v216c0 6.627 5.373 12 12 12h24c6.627 0 12-5.373 12-12V188c0-6.627-5.373-12-12-12zm132-96c13.255 0 24 10.745 24 24v12c0 6.627-5.373 12-12 12h-20v336c0 26.51-21.49 48-48 48H80c-26.51 0-48-21.49-48-48V128H12c-6.627 0-12-5.373-12-12v-12c0-13.255 10.745-24 24-24h74.411l34.018-56.696A48 48 0 0 1 173.589 0h100.823a48 48 0 0 1 41.16 23.304L349.589 80H424zm-269.611 0h139.223L276.16 50.913A6 6 0 0 0 271.015 48h-94.028a6 6 0 0 0-5.145 2.913L154.389 80zM368 128H80v330a6 6 0 0 0 6 6h276a6 6 0 0 0 6-6V128z\"></path></svg><!-- <i class=\"far fa-trash-alt\"></i> --></a><a class=\"dupicon\" onclick=\"duplicateclick(this);\" data-label=\"fieldques8\" data-value=\"ques8\"><svg class=\"svg-inline--fa fa-copy fa-w-14\" aria-hidden=\"true\" data-prefix=\"far\" data-icon=\"copy\" role=\"img\" xmlns=\"http://www.w3.org/2000/svg\" viewBox=\"0 0 448 512\" data-fa-i2svg=\"\"><path fill=\"currentColor\" d=\"M433.941 65.941l-51.882-51.882A48 48 0 0 0 348.118 0H176c-26.51 0-48 21.49-48 48v48H48c-26.51 0-48 21.49-48 48v320c0 26.51 21.49 48 48 48h224c26.51 0 48-21.49 48-48v-48h80c26.51 0 48-21.49 48-48V99.882a48 48 0 0 0-14.059-33.941zM266 464H54a6 6 0 0 1-6-6V150a6 6 0 0 1 6-6h74v224c0 26.51 21.49 48 48 48h96v42a6 6 0 0 1-6 6zm128-96H182a6 6 0 0 1-6-6V54a6 6 0 0 1 6-6h106v88c0 13.255 10.745 24 24 24h88v202a6 6 0 0 1-6 6zm6-256h-64V48h9.632c1.591 0 3.117.632 4.243 1.757l48.368 48.368a6 6 0 0 1 1.757 4.243V112z\"></path></svg><!-- <i class=\"far fa-copy\"></i> --></a></li>','<fieldset id=\"fieldques8\" data-type=\"videoUpload\" data-fieldname=\"@videoUploadvideoUpload\" data-column=\"field8\" data-fieldvalue=\"\" data-v-a=\"false\" data-formlock=\"false\" style=\"display: none;\"><p>	<button class=\"removeButton btn-prev\" type=\"button\" aria-controls=\"fieldques7\" prev-controls=\"fieldques7\" onclick=\"prevbtnclick(this);\"><svg class=\"svg-inline--fa fa-arrow-alt-circle-up fa-w-16\" aria-hidden=\"true\" data-prefix=\"far\" data-icon=\"arrow-alt-circle-up\" role=\"img\" xmlns=\"http://www.w3.org/2000/svg\" viewBox=\"0 0 512 512\" data-fa-i2svg=\"\"><path fill=\"currentColor\" d=\"M256 504c137 0 248-111 248-248S393 8 256 8 8 119 8 256s111 248 248 248zm0-448c110.5 0 200 89.5 200 200s-89.5 200-200 200S56 366.5 56 256 145.5 56 256 56zm20 328h-40c-6.6 0-12-5.4-12-12V256h-67c-10.7 0-16-12.9-8.5-20.5l99-99c4.7-4.7 12.3-4.7 17 0l99 99c7.6 7.6 2.2 20.5-8.5 20.5h-67v116c0 6.6-5.4 12-12 12z\"></path></svg><!-- <i class=\"far fa-arrow-alt-circle-up\"></i> -->Return</button></p><p></p><div class=\"lbl\"><span>Interview Question 4</span></div><div class=\"lbla_v\" style=\"display:none;\"><iframe src=\"\" class=\"displaynone\"></iframe> </div><input type=\"text\" class=\"videourl\" data-type=\"link\" value=\"\"><a class=\"videoclck\" onclick=\"videoclick(this);\"><svg class=\"svg-inline--fa fa-video fa-w-18\" aria-hidden=\"true\" data-prefix=\"fas\" data-icon=\"video\" role=\"img\" xmlns=\"http://www.w3.org/2000/svg\" viewBox=\"0 0 576 512\" data-fa-i2svg=\"\"><path fill=\"currentColor\" d=\"M336.2 64H47.8C21.4 64 0 85.4 0 111.8v288.4C0 426.6 21.4 448 47.8 448h288.4c26.4 0 47.8-21.4 47.8-47.8V111.8c0-26.4-21.4-47.8-47.8-47.8zm189.4 37.7L416 177.3v157.4l109.6 75.5c21.2 14.6 50.4-.3 50.4-25.8V127.5c0-25.4-29.1-40.4-50.4-25.8z\"></path></svg><!-- <i class=\"fas fa-video\"></i> --></a><div class=\"supportlbl\"><span>Description</span></div><p></p><p class=\"controls\" aria-hidden=\"false\"><button class=\"nextButton btn-next\" type=\"button\" aria-controls=\"fieldques9\" next-controls=\"fieldques9\" onclick=\"nextbtnclick(this);\">Next</button><button class=\"btn btn-default btn-enter\" type=\"button\" aria-controls=\"fieldques9\" next-controls=\"fieldques9\" onclick=\"enterbtnclick(this);\">Press <span class=\"f-string-em\">Enter</span></button></p></fieldset>',3),(187,'ques9','<li class=\"ques9\"><a class=\"lielement\" id=\"ques9\" onclick=\"elemclick(this.id);\" data-label=\"videoUpload\"><svg class=\"svg-inline--fa fa-video fa-w-18\" aria-hidden=\"true\" data-prefix=\"fas\" data-icon=\"video\" role=\"img\" xmlns=\"http://www.w3.org/2000/svg\" viewBox=\"0 0 576 512\" data-fa-i2svg=\"\"><path fill=\"currentColor\" d=\"M336.2 64H47.8C21.4 64 0 85.4 0 111.8v288.4C0 426.6 21.4 448 47.8 448h288.4c26.4 0 47.8-21.4 47.8-47.8V111.8c0-26.4-21.4-47.8-47.8-47.8zm189.4 37.7L416 177.3v157.4l109.6 75.5c21.2 14.6 50.4-.3 50.4-25.8V127.5c0-25.4-29.1-40.4-50.4-25.8z\"></path></svg><!-- <i class=\"fas fa-video\"></i> --><span class=\"count\">7 .</span><span class=\"linktext\">Interview Question 5</span></a> <a class=\"delicon\" onclick=\"deleteclick(this);\" data-label=\"fieldques9\" data-value=\"ques9\"><svg class=\"svg-inline--fa fa-trash-alt fa-w-14\" aria-hidden=\"true\" data-prefix=\"far\" data-icon=\"trash-alt\" role=\"img\" xmlns=\"http://www.w3.org/2000/svg\" viewBox=\"0 0 448 512\" data-fa-i2svg=\"\"><path fill=\"currentColor\" d=\"M192 188v216c0 6.627-5.373 12-12 12h-24c-6.627 0-12-5.373-12-12V188c0-6.627 5.373-12 12-12h24c6.627 0 12 5.373 12 12zm100-12h-24c-6.627 0-12 5.373-12 12v216c0 6.627 5.373 12 12 12h24c6.627 0 12-5.373 12-12V188c0-6.627-5.373-12-12-12zm132-96c13.255 0 24 10.745 24 24v12c0 6.627-5.373 12-12 12h-20v336c0 26.51-21.49 48-48 48H80c-26.51 0-48-21.49-48-48V128H12c-6.627 0-12-5.373-12-12v-12c0-13.255 10.745-24 24-24h74.411l34.018-56.696A48 48 0 0 1 173.589 0h100.823a48 48 0 0 1 41.16 23.304L349.589 80H424zm-269.611 0h139.223L276.16 50.913A6 6 0 0 0 271.015 48h-94.028a6 6 0 0 0-5.145 2.913L154.389 80zM368 128H80v330a6 6 0 0 0 6 6h276a6 6 0 0 0 6-6V128z\"></path></svg><!-- <i class=\"far fa-trash-alt\"></i> --></a><a class=\"dupicon\" onclick=\"duplicateclick(this);\" data-label=\"fieldques9\" data-value=\"ques9\"><svg class=\"svg-inline--fa fa-copy fa-w-14\" aria-hidden=\"true\" data-prefix=\"far\" data-icon=\"copy\" role=\"img\" xmlns=\"http://www.w3.org/2000/svg\" viewBox=\"0 0 448 512\" data-fa-i2svg=\"\"><path fill=\"currentColor\" d=\"M433.941 65.941l-51.882-51.882A48 48 0 0 0 348.118 0H176c-26.51 0-48 21.49-48 48v48H48c-26.51 0-48 21.49-48 48v320c0 26.51 21.49 48 48 48h224c26.51 0 48-21.49 48-48v-48h80c26.51 0 48-21.49 48-48V99.882a48 48 0 0 0-14.059-33.941zM266 464H54a6 6 0 0 1-6-6V150a6 6 0 0 1 6-6h74v224c0 26.51 21.49 48 48 48h96v42a6 6 0 0 1-6 6zm128-96H182a6 6 0 0 1-6-6V54a6 6 0 0 1 6-6h106v88c0 13.255 10.745 24 24 24h88v202a6 6 0 0 1-6 6zm6-256h-64V48h9.632c1.591 0 3.117.632 4.243 1.757l48.368 48.368a6 6 0 0 1 1.757 4.243V112z\"></path></svg><!-- <i class=\"far fa-copy\"></i> --></a></li>','<fieldset id=\"fieldques9\" data-type=\"videoUpload\" data-fieldname=\"@videoUploadvideoUpload\" data-column=\"field9\" data-fieldvalue=\"\" data-v-a=\"false\" data-formlock=\"false\" style=\"display: none;\"><p>	<button class=\"removeButton btn-prev\" type=\"button\" aria-controls=\"fieldques8\" prev-controls=\"fieldques8\" onclick=\"prevbtnclick(this);\"><svg class=\"svg-inline--fa fa-arrow-alt-circle-up fa-w-16\" aria-hidden=\"true\" data-prefix=\"far\" data-icon=\"arrow-alt-circle-up\" role=\"img\" xmlns=\"http://www.w3.org/2000/svg\" viewBox=\"0 0 512 512\" data-fa-i2svg=\"\"><path fill=\"currentColor\" d=\"M256 504c137 0 248-111 248-248S393 8 256 8 8 119 8 256s111 248 248 248zm0-448c110.5 0 200 89.5 200 200s-89.5 200-200 200S56 366.5 56 256 145.5 56 256 56zm20 328h-40c-6.6 0-12-5.4-12-12V256h-67c-10.7 0-16-12.9-8.5-20.5l99-99c4.7-4.7 12.3-4.7 17 0l99 99c7.6 7.6 2.2 20.5-8.5 20.5h-67v116c0 6.6-5.4 12-12 12z\"></path></svg><!-- <i class=\"far fa-arrow-alt-circle-up\"></i> -->Return</button></p><p></p><div class=\"lbl\"><span>Interview Question 5</span></div><div class=\"lbla_v\" style=\"display:none;\"><iframe src=\"\" class=\"displaynone\"></iframe> </div><input type=\"text\" class=\"videourl\" data-type=\"link\" value=\"\"><a class=\"videoclck\" onclick=\"videoclick(this);\"><svg class=\"svg-inline--fa fa-video fa-w-18\" aria-hidden=\"true\" data-prefix=\"fas\" data-icon=\"video\" role=\"img\" xmlns=\"http://www.w3.org/2000/svg\" viewBox=\"0 0 576 512\" data-fa-i2svg=\"\"><path fill=\"currentColor\" d=\"M336.2 64H47.8C21.4 64 0 85.4 0 111.8v288.4C0 426.6 21.4 448 47.8 448h288.4c26.4 0 47.8-21.4 47.8-47.8V111.8c0-26.4-21.4-47.8-47.8-47.8zm189.4 37.7L416 177.3v157.4l109.6 75.5c21.2 14.6 50.4-.3 50.4-25.8V127.5c0-25.4-29.1-40.4-50.4-25.8z\"></path></svg><!-- <i class=\"fas fa-video\"></i> --></a><div class=\"supportlbl\"><span>Description</span></div><p></p><p class=\"controls\" aria-hidden=\"false\"><button class=\"nextButton btn-next\" type=\"button\" aria-controls=\"fieldques10\" next-controls=\"fieldques10\" onclick=\"nextbtnclick(this);\">Next</button><button class=\"btn btn-default btn-enter\" type=\"button\" aria-controls=\"fieldques10\" next-controls=\"fieldques10\" onclick=\"enterbtnclick(this);\">Press <span class=\"f-string-em\">Enter</span></button></p></fieldset>',3),(188,'ques10','<li class=\"ques10\"><a class=\"lielement\" id=\"ques10\" onclick=\"elemclick(this.id);\" data-label=\"videoUpload\"><svg class=\"svg-inline--fa fa-video fa-w-18\" aria-hidden=\"true\" data-prefix=\"fas\" data-icon=\"video\" role=\"img\" xmlns=\"http://www.w3.org/2000/svg\" viewBox=\"0 0 576 512\" data-fa-i2svg=\"\"><path fill=\"currentColor\" d=\"M336.2 64H47.8C21.4 64 0 85.4 0 111.8v288.4C0 426.6 21.4 448 47.8 448h288.4c26.4 0 47.8-21.4 47.8-47.8V111.8c0-26.4-21.4-47.8-47.8-47.8zm189.4 37.7L416 177.3v157.4l109.6 75.5c21.2 14.6 50.4-.3 50.4-25.8V127.5c0-25.4-29.1-40.4-50.4-25.8z\"></path></svg><!-- <i class=\"fas fa-video\"></i> --><span class=\"count\">8 .</span><span class=\"linktext\">Interview Question 6</span></a> <a class=\"delicon\" onclick=\"deleteclick(this);\" data-label=\"fieldques10\" data-value=\"ques10\"><svg class=\"svg-inline--fa fa-trash-alt fa-w-14\" aria-hidden=\"true\" data-prefix=\"far\" data-icon=\"trash-alt\" role=\"img\" xmlns=\"http://www.w3.org/2000/svg\" viewBox=\"0 0 448 512\" data-fa-i2svg=\"\"><path fill=\"currentColor\" d=\"M192 188v216c0 6.627-5.373 12-12 12h-24c-6.627 0-12-5.373-12-12V188c0-6.627 5.373-12 12-12h24c6.627 0 12 5.373 12 12zm100-12h-24c-6.627 0-12 5.373-12 12v216c0 6.627 5.373 12 12 12h24c6.627 0 12-5.373 12-12V188c0-6.627-5.373-12-12-12zm132-96c13.255 0 24 10.745 24 24v12c0 6.627-5.373 12-12 12h-20v336c0 26.51-21.49 48-48 48H80c-26.51 0-48-21.49-48-48V128H12c-6.627 0-12-5.373-12-12v-12c0-13.255 10.745-24 24-24h74.411l34.018-56.696A48 48 0 0 1 173.589 0h100.823a48 48 0 0 1 41.16 23.304L349.589 80H424zm-269.611 0h139.223L276.16 50.913A6 6 0 0 0 271.015 48h-94.028a6 6 0 0 0-5.145 2.913L154.389 80zM368 128H80v330a6 6 0 0 0 6 6h276a6 6 0 0 0 6-6V128z\"></path></svg><!-- <i class=\"far fa-trash-alt\"></i> --></a><a class=\"dupicon\" onclick=\"duplicateclick(this);\" data-label=\"fieldques10\" data-value=\"ques10\"><svg class=\"svg-inline--fa fa-copy fa-w-14\" aria-hidden=\"true\" data-prefix=\"far\" data-icon=\"copy\" role=\"img\" xmlns=\"http://www.w3.org/2000/svg\" viewBox=\"0 0 448 512\" data-fa-i2svg=\"\"><path fill=\"currentColor\" d=\"M433.941 65.941l-51.882-51.882A48 48 0 0 0 348.118 0H176c-26.51 0-48 21.49-48 48v48H48c-26.51 0-48 21.49-48 48v320c0 26.51 21.49 48 48 48h224c26.51 0 48-21.49 48-48v-48h80c26.51 0 48-21.49 48-48V99.882a48 48 0 0 0-14.059-33.941zM266 464H54a6 6 0 0 1-6-6V150a6 6 0 0 1 6-6h74v224c0 26.51 21.49 48 48 48h96v42a6 6 0 0 1-6 6zm128-96H182a6 6 0 0 1-6-6V54a6 6 0 0 1 6-6h106v88c0 13.255 10.745 24 24 24h88v202a6 6 0 0 1-6 6zm6-256h-64V48h9.632c1.591 0 3.117.632 4.243 1.757l48.368 48.368a6 6 0 0 1 1.757 4.243V112z\"></path></svg><!-- <i class=\"far fa-copy\"></i> --></a></li>','<fieldset id=\"fieldques10\" data-type=\"videoUpload\" data-fieldname=\"@videoUploadvideoUpload\" data-column=\"field10\" data-fieldvalue=\"\" data-v-a=\"false\" data-formlock=\"false\" style=\"display: none;\"><p>	<button class=\"removeButton btn-prev\" type=\"button\" aria-controls=\"fieldques9\" prev-controls=\"fieldques9\" onclick=\"prevbtnclick(this);\"><svg class=\"svg-inline--fa fa-arrow-alt-circle-up fa-w-16\" aria-hidden=\"true\" data-prefix=\"far\" data-icon=\"arrow-alt-circle-up\" role=\"img\" xmlns=\"http://www.w3.org/2000/svg\" viewBox=\"0 0 512 512\" data-fa-i2svg=\"\"><path fill=\"currentColor\" d=\"M256 504c137 0 248-111 248-248S393 8 256 8 8 119 8 256s111 248 248 248zm0-448c110.5 0 200 89.5 200 200s-89.5 200-200 200S56 366.5 56 256 145.5 56 256 56zm20 328h-40c-6.6 0-12-5.4-12-12V256h-67c-10.7 0-16-12.9-8.5-20.5l99-99c4.7-4.7 12.3-4.7 17 0l99 99c7.6 7.6 2.2 20.5-8.5 20.5h-67v116c0 6.6-5.4 12-12 12z\"></path></svg><!-- <i class=\"far fa-arrow-alt-circle-up\"></i> -->Return</button></p><p></p><div class=\"lbl\"><span>Interview Question 6</span></div><div class=\"lbla_v\" style=\"display:none;\"><iframe src=\"\" class=\"displaynone\"></iframe> </div><input type=\"text\" class=\"videourl\" data-type=\"link\" value=\"\"><a class=\"videoclck\" onclick=\"videoclick(this);\"><svg class=\"svg-inline--fa fa-video fa-w-18\" aria-hidden=\"true\" data-prefix=\"fas\" data-icon=\"video\" role=\"img\" xmlns=\"http://www.w3.org/2000/svg\" viewBox=\"0 0 576 512\" data-fa-i2svg=\"\"><path fill=\"currentColor\" d=\"M336.2 64H47.8C21.4 64 0 85.4 0 111.8v288.4C0 426.6 21.4 448 47.8 448h288.4c26.4 0 47.8-21.4 47.8-47.8V111.8c0-26.4-21.4-47.8-47.8-47.8zm189.4 37.7L416 177.3v157.4l109.6 75.5c21.2 14.6 50.4-.3 50.4-25.8V127.5c0-25.4-29.1-40.4-50.4-25.8z\"></path></svg><!-- <i class=\"fas fa-video\"></i> --></a><div class=\"supportlbl\"><span>Description</span></div><p></p><p class=\"controls\" aria-hidden=\"false\"><button class=\"nextButton btn-next\" type=\"button\" aria-controls=\"fieldques11\" next-controls=\"fieldques11\" onclick=\"nextbtnclick(this);\">Next</button><button class=\"btn btn-default btn-enter\" type=\"button\" aria-controls=\"fieldques11\" next-controls=\"fieldques11\" onclick=\"enterbtnclick(this);\">Press <span class=\"f-string-em\">Enter</span></button></p></fieldset>',3),(189,'ques11','<li class=\"ques11\"><a class=\"lielement\" id=\"ques11\" onclick=\"elemclick(this.id);\" data-label=\"videoUpload\"><svg class=\"svg-inline--fa fa-video fa-w-18\" aria-hidden=\"true\" data-prefix=\"fas\" data-icon=\"video\" role=\"img\" xmlns=\"http://www.w3.org/2000/svg\" viewBox=\"0 0 576 512\" data-fa-i2svg=\"\"><path fill=\"currentColor\" d=\"M336.2 64H47.8C21.4 64 0 85.4 0 111.8v288.4C0 426.6 21.4 448 47.8 448h288.4c26.4 0 47.8-21.4 47.8-47.8V111.8c0-26.4-21.4-47.8-47.8-47.8zm189.4 37.7L416 177.3v157.4l109.6 75.5c21.2 14.6 50.4-.3 50.4-25.8V127.5c0-25.4-29.1-40.4-50.4-25.8z\"></path></svg><!-- <i class=\"fas fa-video\"></i> --><span class=\"count\">9 .</span><span class=\"linktext\">Interview Question 7</span></a> <a class=\"delicon\" onclick=\"deleteclick(this);\" data-label=\"fieldques11\" data-value=\"ques11\"><svg class=\"svg-inline--fa fa-trash-alt fa-w-14\" aria-hidden=\"true\" data-prefix=\"far\" data-icon=\"trash-alt\" role=\"img\" xmlns=\"http://www.w3.org/2000/svg\" viewBox=\"0 0 448 512\" data-fa-i2svg=\"\"><path fill=\"currentColor\" d=\"M192 188v216c0 6.627-5.373 12-12 12h-24c-6.627 0-12-5.373-12-12V188c0-6.627 5.373-12 12-12h24c6.627 0 12 5.373 12 12zm100-12h-24c-6.627 0-12 5.373-12 12v216c0 6.627 5.373 12 12 12h24c6.627 0 12-5.373 12-12V188c0-6.627-5.373-12-12-12zm132-96c13.255 0 24 10.745 24 24v12c0 6.627-5.373 12-12 12h-20v336c0 26.51-21.49 48-48 48H80c-26.51 0-48-21.49-48-48V128H12c-6.627 0-12-5.373-12-12v-12c0-13.255 10.745-24 24-24h74.411l34.018-56.696A48 48 0 0 1 173.589 0h100.823a48 48 0 0 1 41.16 23.304L349.589 80H424zm-269.611 0h139.223L276.16 50.913A6 6 0 0 0 271.015 48h-94.028a6 6 0 0 0-5.145 2.913L154.389 80zM368 128H80v330a6 6 0 0 0 6 6h276a6 6 0 0 0 6-6V128z\"></path></svg><!-- <i class=\"far fa-trash-alt\"></i> --></a><a class=\"dupicon\" onclick=\"duplicateclick(this);\" data-label=\"fieldques11\" data-value=\"ques11\"><svg class=\"svg-inline--fa fa-copy fa-w-14\" aria-hidden=\"true\" data-prefix=\"far\" data-icon=\"copy\" role=\"img\" xmlns=\"http://www.w3.org/2000/svg\" viewBox=\"0 0 448 512\" data-fa-i2svg=\"\"><path fill=\"currentColor\" d=\"M433.941 65.941l-51.882-51.882A48 48 0 0 0 348.118 0H176c-26.51 0-48 21.49-48 48v48H48c-26.51 0-48 21.49-48 48v320c0 26.51 21.49 48 48 48h224c26.51 0 48-21.49 48-48v-48h80c26.51 0 48-21.49 48-48V99.882a48 48 0 0 0-14.059-33.941zM266 464H54a6 6 0 0 1-6-6V150a6 6 0 0 1 6-6h74v224c0 26.51 21.49 48 48 48h96v42a6 6 0 0 1-6 6zm128-96H182a6 6 0 0 1-6-6V54a6 6 0 0 1 6-6h106v88c0 13.255 10.745 24 24 24h88v202a6 6 0 0 1-6 6zm6-256h-64V48h9.632c1.591 0 3.117.632 4.243 1.757l48.368 48.368a6 6 0 0 1 1.757 4.243V112z\"></path></svg><!-- <i class=\"far fa-copy\"></i> --></a></li>','<fieldset id=\"fieldques11\" data-type=\"videoUpload\" data-fieldname=\"@videoUploadvideoUpload\" data-column=\"field11\" data-fieldvalue=\"\" data-v-a=\"false\" data-formlock=\"false\" style=\"display: none;\"><p>	<button class=\"removeButton btn-prev\" type=\"button\" aria-controls=\"fieldques10\" prev-controls=\"fieldques10\" onclick=\"prevbtnclick(this);\"><svg class=\"svg-inline--fa fa-arrow-alt-circle-up fa-w-16\" aria-hidden=\"true\" data-prefix=\"far\" data-icon=\"arrow-alt-circle-up\" role=\"img\" xmlns=\"http://www.w3.org/2000/svg\" viewBox=\"0 0 512 512\" data-fa-i2svg=\"\"><path fill=\"currentColor\" d=\"M256 504c137 0 248-111 248-248S393 8 256 8 8 119 8 256s111 248 248 248zm0-448c110.5 0 200 89.5 200 200s-89.5 200-200 200S56 366.5 56 256 145.5 56 256 56zm20 328h-40c-6.6 0-12-5.4-12-12V256h-67c-10.7 0-16-12.9-8.5-20.5l99-99c4.7-4.7 12.3-4.7 17 0l99 99c7.6 7.6 2.2 20.5-8.5 20.5h-67v116c0 6.6-5.4 12-12 12z\"></path></svg><!-- <i class=\"far fa-arrow-alt-circle-up\"></i> -->Return</button></p><p></p><div class=\"lbl\"><span>Interview Question 7</span></div><div class=\"lbla_v\" style=\"display:none;\"><iframe src=\"\" class=\"displaynone\"></iframe> </div><input type=\"text\" class=\"videourl\" data-type=\"link\" value=\"\"><a class=\"videoclck\" onclick=\"videoclick(this);\"><svg class=\"svg-inline--fa fa-video fa-w-18\" aria-hidden=\"true\" data-prefix=\"fas\" data-icon=\"video\" role=\"img\" xmlns=\"http://www.w3.org/2000/svg\" viewBox=\"0 0 576 512\" data-fa-i2svg=\"\"><path fill=\"currentColor\" d=\"M336.2 64H47.8C21.4 64 0 85.4 0 111.8v288.4C0 426.6 21.4 448 47.8 448h288.4c26.4 0 47.8-21.4 47.8-47.8V111.8c0-26.4-21.4-47.8-47.8-47.8zm189.4 37.7L416 177.3v157.4l109.6 75.5c21.2 14.6 50.4-.3 50.4-25.8V127.5c0-25.4-29.1-40.4-50.4-25.8z\"></path></svg><!-- <i class=\"fas fa-video\"></i> --></a><div class=\"supportlbl\"><span>Description</span></div><p></p><p class=\"controls\" aria-hidden=\"false\"><button class=\"nextButton btn-next\" type=\"button\" aria-controls=\"fieldques12\" next-controls=\"fieldques12\" onclick=\"nextbtnclick(this);\">Next</button><button class=\"btn btn-default btn-enter\" type=\"button\" aria-controls=\"fieldques12\" next-controls=\"fieldques12\" onclick=\"enterbtnclick(this);\">Press <span class=\"f-string-em\">Enter</span></button></p></fieldset>',3),(190,'ques12','<li class=\"ques12\"><a class=\"lielement\" id=\"ques12\" onclick=\"elemclick(this.id);\" data-label=\"emailAddress\"><svg class=\"svg-inline--fa fa-envelope fa-w-16\" aria-hidden=\"true\" data-prefix=\"far\" data-icon=\"envelope\" role=\"img\" xmlns=\"http://www.w3.org/2000/svg\" viewBox=\"0 0 512 512\" data-fa-i2svg=\"\"><path fill=\"currentColor\" d=\"M464 64H48C21.49 64 0 85.49 0 112v288c0 26.51 21.49 48 48 48h416c26.51 0 48-21.49 48-48V112c0-26.51-21.49-48-48-48zm0 48v40.805c-22.422 18.259-58.168 46.651-134.587 106.49-16.841 13.247-50.201 45.072-73.413 44.701-23.208.375-56.579-31.459-73.413-44.701C106.18 199.465 70.425 171.067 48 152.805V112h416zM48 400V214.398c22.914 18.251 55.409 43.862 104.938 82.646 21.857 17.205 60.134 55.186 103.062 54.955 42.717.231 80.509-37.199 103.053-54.947 49.528-38.783 82.032-64.401 104.947-82.653V400H48z\"></path></svg><!-- <i class=\"far fa-envelope\"></i> --><span class=\"count\">10 .</span><span class=\"linktext\">Nominee Email</span></a> <a class=\"delicon\" onclick=\"deleteclick(this);\" data-label=\"fieldques12\" data-value=\"ques12\"><svg class=\"svg-inline--fa fa-trash-alt fa-w-14\" aria-hidden=\"true\" data-prefix=\"far\" data-icon=\"trash-alt\" role=\"img\" xmlns=\"http://www.w3.org/2000/svg\" viewBox=\"0 0 448 512\" data-fa-i2svg=\"\"><path fill=\"currentColor\" d=\"M192 188v216c0 6.627-5.373 12-12 12h-24c-6.627 0-12-5.373-12-12V188c0-6.627 5.373-12 12-12h24c6.627 0 12 5.373 12 12zm100-12h-24c-6.627 0-12 5.373-12 12v216c0 6.627 5.373 12 12 12h24c6.627 0 12-5.373 12-12V188c0-6.627-5.373-12-12-12zm132-96c13.255 0 24 10.745 24 24v12c0 6.627-5.373 12-12 12h-20v336c0 26.51-21.49 48-48 48H80c-26.51 0-48-21.49-48-48V128H12c-6.627 0-12-5.373-12-12v-12c0-13.255 10.745-24 24-24h74.411l34.018-56.696A48 48 0 0 1 173.589 0h100.823a48 48 0 0 1 41.16 23.304L349.589 80H424zm-269.611 0h139.223L276.16 50.913A6 6 0 0 0 271.015 48h-94.028a6 6 0 0 0-5.145 2.913L154.389 80zM368 128H80v330a6 6 0 0 0 6 6h276a6 6 0 0 0 6-6V128z\"></path></svg><!-- <i class=\"far fa-trash-alt\"></i> --></a><a class=\"dupicon\" onclick=\"duplicateclick(this);\" data-label=\"fieldques12\" data-value=\"ques12\"><svg class=\"svg-inline--fa fa-copy fa-w-14\" aria-hidden=\"true\" data-prefix=\"far\" data-icon=\"copy\" role=\"img\" xmlns=\"http://www.w3.org/2000/svg\" viewBox=\"0 0 448 512\" data-fa-i2svg=\"\"><path fill=\"currentColor\" d=\"M433.941 65.941l-51.882-51.882A48 48 0 0 0 348.118 0H176c-26.51 0-48 21.49-48 48v48H48c-26.51 0-48 21.49-48 48v320c0 26.51 21.49 48 48 48h224c26.51 0 48-21.49 48-48v-48h80c26.51 0 48-21.49 48-48V99.882a48 48 0 0 0-14.059-33.941zM266 464H54a6 6 0 0 1-6-6V150a6 6 0 0 1 6-6h74v224c0 26.51 21.49 48 48 48h96v42a6 6 0 0 1-6 6zm128-96H182a6 6 0 0 1-6-6V54a6 6 0 0 1 6-6h106v88c0 13.255 10.745 24 24 24h88v202a6 6 0 0 1-6 6zm6-256h-64V48h9.632c1.591 0 3.117.632 4.243 1.757l48.368 48.368a6 6 0 0 1 1.757 4.243V112z\"></path></svg><!-- <i class=\"far fa-copy\"></i> --></a></li>','<fieldset id=\"fieldques12\" data-type=\"emailAddress\" data-fieldname=\"@emailAddressemailAddress\" data-column=\"field12\" data-fieldvalue=\"\" data-v-a=\"false\" data-formlock=\"false\" style=\"display: none;\"><p>	<button class=\"removeButton btn-prev\" type=\"button\" aria-controls=\"fieldques11\" prev-controls=\"fieldques12\" onclick=\"prevbtnclick(this);\"><svg class=\"svg-inline--fa fa-arrow-alt-circle-up fa-w-16\" aria-hidden=\"true\" data-prefix=\"far\" data-icon=\"arrow-alt-circle-up\" role=\"img\" xmlns=\"http://www.w3.org/2000/svg\" viewBox=\"0 0 512 512\" data-fa-i2svg=\"\"><path fill=\"currentColor\" d=\"M256 504c137 0 248-111 248-248S393 8 256 8 8 119 8 256s111 248 248 248zm0-448c110.5 0 200 89.5 200 200s-89.5 200-200 200S56 366.5 56 256 145.5 56 256 56zm20 328h-40c-6.6 0-12-5.4-12-12V256h-67c-10.7 0-16-12.9-8.5-20.5l99-99c4.7-4.7 12.3-4.7 17 0l99 99c7.6 7.6 2.2 20.5-8.5 20.5h-67v116c0 6.6-5.4 12-12 12z\"></path></svg><!-- <i class=\"far fa-arrow-alt-circle-up\"></i> -->Return</button></p><p></p><div class=\"lbl\"><span>Nominee Email</span></div><div class=\"lbla_v\" style=\"display:none;\"><iframe src=\"\" class=\"displaynone\"></iframe> </div><input class=\"form-control input\" type=\"email\" name=\"email\" data-type=\"email\" onchange=\"inputonChange(this)\" onkeypress=\"inputonkeypress(this)\"><div class=\"supportlbl\"><span>Description</span></div><p></p><p class=\"controls\" aria-hidden=\"false\"><button class=\"nextButton btn-next\" type=\"button\" aria-controls=\"fieldques13\" next-controls=\"fieldques13\" onclick=\"nextbtnclick(this);\">Next</button><button class=\"btn btn-default btn-enter\" type=\"button\" aria-controls=\"fieldques13\" next-controls=\"fieldques13\" onclick=\"enterbtnclick(this);\">Press <span class=\"f-string-em\">Enter</span></button></p></fieldset>',3),(191,'ques13','<li class=\"ques13\"><a class=\"lielement\" id=\"ques13\" onclick=\"elemclick(this.id);\" data-label=\"emailAddress\"><svg class=\"svg-inline--fa fa-envelope fa-w-16\" aria-hidden=\"true\" data-prefix=\"far\" data-icon=\"envelope\" role=\"img\" xmlns=\"http://www.w3.org/2000/svg\" viewBox=\"0 0 512 512\" data-fa-i2svg=\"\"><path fill=\"currentColor\" d=\"M464 64H48C21.49 64 0 85.49 0 112v288c0 26.51 21.49 48 48 48h416c26.51 0 48-21.49 48-48V112c0-26.51-21.49-48-48-48zm0 48v40.805c-22.422 18.259-58.168 46.651-134.587 106.49-16.841 13.247-50.201 45.072-73.413 44.701-23.208.375-56.579-31.459-73.413-44.701C106.18 199.465 70.425 171.067 48 152.805V112h416zM48 400V214.398c22.914 18.251 55.409 43.862 104.938 82.646 21.857 17.205 60.134 55.186 103.062 54.955 42.717.231 80.509-37.199 103.053-54.947 49.528-38.783 82.032-64.401 104.947-82.653V400H48z\"></path></svg><!-- <i class=\"far fa-envelope\"></i> --><span class=\"count\">11 .</span><span class=\"linktext\">Reviewer Email</span></a> <a class=\"delicon\" onclick=\"deleteclick(this);\" data-label=\"fieldques13\" data-value=\"ques13\"><svg class=\"svg-inline--fa fa-trash-alt fa-w-14\" aria-hidden=\"true\" data-prefix=\"far\" data-icon=\"trash-alt\" role=\"img\" xmlns=\"http://www.w3.org/2000/svg\" viewBox=\"0 0 448 512\" data-fa-i2svg=\"\"><path fill=\"currentColor\" d=\"M192 188v216c0 6.627-5.373 12-12 12h-24c-6.627 0-12-5.373-12-12V188c0-6.627 5.373-12 12-12h24c6.627 0 12 5.373 12 12zm100-12h-24c-6.627 0-12 5.373-12 12v216c0 6.627 5.373 12 12 12h24c6.627 0 12-5.373 12-12V188c0-6.627-5.373-12-12-12zm132-96c13.255 0 24 10.745 24 24v12c0 6.627-5.373 12-12 12h-20v336c0 26.51-21.49 48-48 48H80c-26.51 0-48-21.49-48-48V128H12c-6.627 0-12-5.373-12-12v-12c0-13.255 10.745-24 24-24h74.411l34.018-56.696A48 48 0 0 1 173.589 0h100.823a48 48 0 0 1 41.16 23.304L349.589 80H424zm-269.611 0h139.223L276.16 50.913A6 6 0 0 0 271.015 48h-94.028a6 6 0 0 0-5.145 2.913L154.389 80zM368 128H80v330a6 6 0 0 0 6 6h276a6 6 0 0 0 6-6V128z\"></path></svg><!-- <i class=\"far fa-trash-alt\"></i> --></a><a class=\"dupicon\" onclick=\"duplicateclick(this);\" data-label=\"fieldques13\" data-value=\"ques13\"><svg class=\"svg-inline--fa fa-copy fa-w-14\" aria-hidden=\"true\" data-prefix=\"far\" data-icon=\"copy\" role=\"img\" xmlns=\"http://www.w3.org/2000/svg\" viewBox=\"0 0 448 512\" data-fa-i2svg=\"\"><path fill=\"currentColor\" d=\"M433.941 65.941l-51.882-51.882A48 48 0 0 0 348.118 0H176c-26.51 0-48 21.49-48 48v48H48c-26.51 0-48 21.49-48 48v320c0 26.51 21.49 48 48 48h224c26.51 0 48-21.49 48-48v-48h80c26.51 0 48-21.49 48-48V99.882a48 48 0 0 0-14.059-33.941zM266 464H54a6 6 0 0 1-6-6V150a6 6 0 0 1 6-6h74v224c0 26.51 21.49 48 48 48h96v42a6 6 0 0 1-6 6zm128-96H182a6 6 0 0 1-6-6V54a6 6 0 0 1 6-6h106v88c0 13.255 10.745 24 24 24h88v202a6 6 0 0 1-6 6zm6-256h-64V48h9.632c1.591 0 3.117.632 4.243 1.757l48.368 48.368a6 6 0 0 1 1.757 4.243V112z\"></path></svg><!-- <i class=\"far fa-copy\"></i> --></a></li>','<fieldset id=\"fieldques13\" data-type=\"emailAddress\" data-fieldname=\"@emailAddressemailAddress\" data-column=\"field13\" data-fieldvalue=\"\" data-v-a=\"false\" data-formlock=\"false\" style=\"display: none;\"><p>	<button class=\"removeButton btn-prev\" type=\"button\" aria-controls=\"fieldques12\" prev-controls=\"fieldques12\" onclick=\"prevbtnclick(this);\"><svg class=\"svg-inline--fa fa-arrow-alt-circle-up fa-w-16\" aria-hidden=\"true\" data-prefix=\"far\" data-icon=\"arrow-alt-circle-up\" role=\"img\" xmlns=\"http://www.w3.org/2000/svg\" viewBox=\"0 0 512 512\" data-fa-i2svg=\"\"><path fill=\"currentColor\" d=\"M256 504c137 0 248-111 248-248S393 8 256 8 8 119 8 256s111 248 248 248zm0-448c110.5 0 200 89.5 200 200s-89.5 200-200 200S56 366.5 56 256 145.5 56 256 56zm20 328h-40c-6.6 0-12-5.4-12-12V256h-67c-10.7 0-16-12.9-8.5-20.5l99-99c4.7-4.7 12.3-4.7 17 0l99 99c7.6 7.6 2.2 20.5-8.5 20.5h-67v116c0 6.6-5.4 12-12 12z\"></path></svg><!-- <i class=\"far fa-arrow-alt-circle-up\"></i> -->Return</button></p><p></p><div class=\"lbl\"><span>Reviewer Email</span></div><div class=\"lbla_v\" style=\"display:none;\"><iframe src=\"\" class=\"displaynone\"></iframe> </div><input class=\"form-control input\" type=\"email\" name=\"email\" data-type=\"email\" onchange=\"inputonChange(this)\" onkeypress=\"inputonkeypress(this)\"><div class=\"supportlbl\"><span>Description</span></div><p></p><p class=\"controls\" aria-hidden=\"false\"><button class=\"nextButton\" type=\"submit\">Submit</button> </p></fieldset>',3),(192,'togBtn','<a class=\"liwelcome\" id=\"welcome\" onclick=\"elemclick(this.id);\" data-label=\"welcomeText\"><svg class=\"svg-inline--fa fa-home fa-w-18\" aria-hidden=\"true\" data-prefix=\"fas\" data-icon=\"home\" role=\"img\" xmlns=\"http://www.w3.org/2000/svg\" viewBox=\"0 0 576 512\" data-fa-i2svg=\"\"><path fill=\"currentColor\" d=\"M488 312.7V456c0 13.3-10.7 24-24 24H348c-6.6 0-12-5.4-12-12V356c0-6.6-5.4-12-12-12h-72c-6.6 0-12 5.4-12 12v112c0 6.6-5.4 12-12 12H112c-13.3 0-24-10.7-24-24V312.7c0-3.6 1.6-7 4.4-9.3l188-154.8c4.4-3.6 10.8-3.6 15.3 0l188 154.8c2.7 2.3 4.3 5.7 4.3 9.3zm83.6-60.9L488 182.9V44.4c0-6.6-5.4-12-12-12h-56c-6.6 0-12 5.4-12 12V117l-89.5-73.7c-17.7-14.6-43.3-14.6-61 0L4.4 251.8c-5.1 4.2-5.8 11.8-1.6 16.9l25.5 31c4.2 5.1 11.8 5.8 16.9 1.6l235.2-193.7c4.4-3.6 10.8-3.6 15.3 0l235.2 193.7c5.1 4.2 12.7 3.5 16.9-1.6l25.5-31c4.2-5.2 3.4-12.7-1.7-16.9z\"></path></svg><!-- <i class=\"fas fa-home\" aria-hidden=\"true\"></i> --> Welcome</a>','<fieldset id=\"welcomestep\" data-type=\"welcomestep\" style=\"display: block;\"><p></p><div class=\"welcome\"><div class=\"media\"><input type=\"hidden\" class=\"hwelcome\" value=\"1\">	<img src=\"/media/images/logo.png\" alt=\"\"></div><div class=\"title\">	<div class=\"lblti\"><span>welcome to talentsumo</span></div></div><div class=\"descrip\"><div class=\"lbldesc\"><span>Experince an iniciative interview experience wi</span></div></div></div><p></p><p class=\"controls\" aria-hidden=\"false\"><button class=\"nextButton btn-next\" type=\"button\" aria-controls=\"fieldques3\" next-controls=\"fieldques3\" onclick=\"nextbtnclick(this);\">Start </button><br><button class=\"btn btn-default btn-enter\" type=\"button\" aria-controls=\"fieldques3\" onclick=\"enterbtnclick(this);\">Press <span class=\"f-string-em\">Enter</span></button></p></fieldset>',3),(193,'thankyou','<a class=\"lithank\" id=\"thankyou\" onclick=\"elemclick(this.id);\" data-label=\"thankYouText\"><svg class=\"svg-inline--fa fa-thumbs-up fa-w-16\" aria-hidden=\"true\" data-prefix=\"fa\" data-icon=\"thumbs-up\" role=\"img\" xmlns=\"http://www.w3.org/2000/svg\" viewBox=\"0 0 512 512\" data-fa-i2svg=\"\"><path fill=\"currentColor\" d=\"M104 224H24c-13.255 0-24 10.745-24 24v240c0 13.255 10.745 24 24 24h80c13.255 0 24-10.745 24-24V248c0-13.255-10.745-24-24-24zM64 472c-13.255 0-24-10.745-24-24s10.745-24 24-24 24 10.745 24 24-10.745 24-24 24zM384 81.452c0 42.416-25.97 66.208-33.277 94.548h101.723c33.397 0 59.397 27.746 59.553 58.098.084 17.938-7.546 37.249-19.439 49.197l-.11.11c9.836 23.337 8.237 56.037-9.308 79.469 8.681 25.895-.069 57.704-16.382 74.757 4.298 17.598 2.244 32.575-6.148 44.632C440.202 511.587 389.616 512 346.839 512l-2.845-.001c-48.287-.017-87.806-17.598-119.56-31.725-15.957-7.099-36.821-15.887-52.651-16.178-6.54-.12-11.783-5.457-11.783-11.998v-213.77c0-3.2 1.282-6.271 3.558-8.521 39.614-39.144 56.648-80.587 89.117-113.111 14.804-14.832 20.188-37.236 25.393-58.902C282.515 39.293 291.817 0 312 0c24 0 72 8 72 81.452z\"></path></svg><!-- <i class=\"fa fa-thumbs-up\" aria-hidden=\"true\"></i> -->Thank You !</a>','\r\n                           <div class=\"media\"><div class=\"pie_progress\" role=\"progressbar\" data-goal=\"100\" aria-valuemin=\"0\" aria-valuemax=\"100\"><span class=\"pie_progress__number\">0%</span><div class=\"pie_progress__label\">Submitted</div></div></div>\r\n                           <div class=\"title\">\r\n                              <div class=\"lblti\"><span>Thank You!</span></div>\r\n                           </div>\r\n                           <div class=\"descrip\">\r\n                              <div class=\"lbldesc\"><span>Your form as beeen submitted successfully we will reach you Shortly. thank you for your Time.</span></div>\r\n                           </div>\r\n                        ',3),(194,'trigger','[]','[]',3);
/*!40000 ALTER TABLE `templatefields` ENABLE KEYS */;
UNLOCK TABLES;

--
-- Table structure for table `video_collob_mapping`
--

DROP TABLE IF EXISTS `video_collob_mapping`;
/*!40101 SET @saved_cs_client     = @@character_set_client */;
/*!40101 SET character_set_client = utf8 */;
CREATE TABLE `video_collob_mapping` (
  `id` int(11) NOT NULL AUTO_INCREMENT,
  `tblName` varchar(500) NOT NULL,
  `rowId` varchar(500) NOT NULL,
  PRIMARY KEY (`id`)
) ENGINE=InnoDB AUTO_INCREMENT=3 DEFAULT CHARSET=utf8mb4;
/*!40101 SET character_set_client = @saved_cs_client */;

--
-- Dumping data for table `video_collob_mapping`
--

LOCK TABLES `video_collob_mapping` WRITE;
/*!40000 ALTER TABLE `video_collob_mapping` DISABLE KEYS */;
INSERT INTO `video_collob_mapping` (`id`, `tblName`, `rowId`) VALUES (1,'ans_8yoxm0t6','8'),(2,'ans_ahro0pk4','2');
/*!40000 ALTER TABLE `video_collob_mapping` ENABLE KEYS */;
UNLOCK TABLES;

--
-- Dumping events for database 'techtvxs_interview'
--

--
-- Dumping routines for database 'techtvxs_interview'
--
/*!50003 DROP PROCEDURE IF EXISTS `getcolmnData1` */;
/*!50003 SET @saved_cs_client      = @@character_set_client */ ;
/*!50003 SET @saved_cs_results     = @@character_set_results */ ;
/*!50003 SET @saved_col_connection = @@collation_connection */ ;
/*!50003 SET character_set_client  = latin1 */ ;
/*!50003 SET character_set_results = latin1 */ ;
/*!50003 SET collation_connection  = latin1_swedish_ci */ ;
/*!50003 SET @saved_sql_mode       = @@sql_mode */ ;
/*!50003 SET sql_mode              = '' */ ;
DELIMITER ;;
CREATE DEFINER=`root`@`localhost` PROCEDURE `getcolmnData1`(IN `t_Name` VARCHAR(800))
    NO SQL
begin
SET @tblName := t_Name;
SET @name := '';
SET @email := '';
SET @review := '';
SET @nominee := '';
SET @id = 1;
SET @tblid := CONCAT(@tblName ,'id');
SELECT `name`, `email`, `review`,`nominee` INTO @name, @email, @review , @nominee FROM form_column_mapping WHERE tblName = @tblName;
IF Length(@email) > 0 AND Length(@name) > 0 then	
	SET @query = CONCAT('CREATE TEMPORARY TABLE temp1 \t\tSELECT `', @tblid, '`,`', @name, '` ,`',@email , '` from ',@tblName,' WHERE ',@tblid,' = ', @id);
    PREPARE stmt1 FROM @query;
	EXECUTE stmt1;
    SET @temtbl = CONCAT('CREATE TEMPORARY TABLE temp  \t\tSELECT * FROM ', @tblName,' WHERE ',@tblid,' = ', 	  @id);
	PREPARE stmt FROM @temtbl;
    EXECUTE stmt;
    SET @query2 = CONCAT('ALTER TABLE temp DROP COLUMN \t\t', @name,', DROP COLUMN ',@email);
    PREPARE stmt2 FROM @query2;
    EXECUTE stmt2;
    SET @query4 = CONCAT('CREATE TEMPORARY TABLE temp3 \t\tSELECT ', @name, ',', @email,' ,t.* FROM temp t \tINNER JOIN temp1 c on c.',@tblid,'=t.',@tblid);
    PREPARE stmt4 FROM @query4;
	EXECUTE stmt4;
    SET @query5 = CONCAT('ALTER TABLE temp3 DROP \t  \t \tCOLUMN ', @tblid);
	PREPARE stmt5 FROM @query5;
	EXECUTE stmt5;
	SELECT * from temp3;
	DROP TABLE temp1;
	DROP TABLE temp;
	DROP TABLE temp3;
ELSEIF Length(@email) > 0 then
	SET @query = CONCAT('CREATE TEMPORARY TABLE temp1 \t\tSELECT `', @tblid, '`,`', @email, '` from ',@tblName,' WHERE ',@tblid,' = ', @id);
    PREPARE stmt1 FROM @query;
	EXECUTE stmt1;
    SET @temtbl = CONCAT('CREATE TEMPORARY TABLE temp  \t\tSELECT * FROM ', @tblName,' WHERE ',@tblid,' = ', 	  @id);
	PREPARE stmt FROM @temtbl;
    EXECUTE stmt;
    SET @query2 = CONCAT('ALTER TABLE temp DROP COLUMN ',@email);
    PREPARE stmt2 FROM @query2;
    EXECUTE stmt2;
    SET @query4 = CONCAT('CREATE TEMPORARY TABLE temp3 \t\tSELECT ', @email,' ,t.* FROM temp t \tINNER JOIN temp1 c on c.',@tblid,'=t.',@tblid);
    PREPARE stmt4 FROM @query4;
	EXECUTE stmt4;
    SET @query5 = CONCAT('ALTER TABLE temp3 DROP \t  \t \tCOLUMN ', @tblid);
	PREPARE stmt5 FROM @query5;
	EXECUTE stmt5;
	SELECT 'name',temp3.* from temp3;
	DROP TABLE temp1;
	DROP TABLE temp;
	DROP TABLE temp3;
ELSE
	SET @temtbl = CONCAT('CREATE TEMPORARY TABLE temp5 \t\tSELECT * FROM ', @tblName,' WHERE ',@tblid,' = ', @id);
	PREPARE stmt FROM @temtbl;
	EXECUTE stmt;
	SELECT 'name','email',t.* from temp5 as t;
    DROP TABLE temp5;
END IF ;
END ;;
DELIMITER ;
/*!50003 SET sql_mode              = @saved_sql_mode */ ;
/*!50003 SET character_set_client  = @saved_cs_client */ ;
/*!50003 SET character_set_results = @saved_cs_results */ ;
/*!50003 SET collation_connection  = @saved_col_connection */ ;
/*!50003 DROP PROCEDURE IF EXISTS `getcolmnData2` */;
/*!50003 SET @saved_cs_client      = @@character_set_client */ ;
/*!50003 SET @saved_cs_results     = @@character_set_results */ ;
/*!50003 SET @saved_col_connection = @@collation_connection */ ;
/*!50003 SET character_set_client  = latin1 */ ;
/*!50003 SET character_set_results = latin1 */ ;
/*!50003 SET collation_connection  = latin1_swedish_ci */ ;
/*!50003 SET @saved_sql_mode       = @@sql_mode */ ;
/*!50003 SET sql_mode              = '' */ ;
DELIMITER ;;
CREATE DEFINER=`root`@`localhost` PROCEDURE `getcolmnData2`(IN `t_Name` VARCHAR(800))
    NO SQL
begin
SET @tblName := t_Name;
SET @name := '';
SET @email := '';
SET @review := '';
SET @nominee := '';
SET @id = 1;
SET @tblid := CONCAT(@tblName ,'id');
SELECT `name`, `email`, `review`,`nominee` INTO @name, @email, @review , @nominee FROM form_column_mapping WHERE tblName = @tblName;
IF Length(@name) > 0 then
	SET @query = CONCAT('CREATE TEMPORARY TABLE temp1 \t\tSELECT `', @tblid, '`,`', @name, '` ,`',@email , '` from ',@tblName,' WHERE ',@tblid,' = ', @id);
    PREPARE stmt1 FROM @query;
	EXECUTE stmt1;
    SET @temtbl = CONCAT('CREATE TEMPORARY TABLE temp  \t\tSELECT * FROM ', @tblName,' WHERE ',@tblid,' = ', 	  @id);
	PREPARE stmt FROM @temtbl;
    EXECUTE stmt;
    SET @query2 = CONCAT('ALTER TABLE temp DROP COLUMN \t\t', @name,', DROP COLUMN ',@email);
    PREPARE stmt2 FROM @query2;
    EXECUTE stmt2;
    SET @query4 = CONCAT('CREATE TEMPORARY TABLE temp3 \t\tSELECT ', @name, ',', @email,' ,t.* FROM temp t \tINNER JOIN temp1 c on c.',@tblid,'=t.',@tblid);
    PREPARE stmt4 FROM @query4;
	EXECUTE stmt4;
    SET @query5 = CONCAT('ALTER TABLE temp3 DROP \t  \t \tCOLUMN ', @tblid);
	PREPARE stmt5 FROM @query5;
	EXECUTE stmt5;
	SELECT * from temp3;
	DROP TABLE temp1;
	DROP TABLE temp;
	DROP TABLE temp3;
ELSE
	SET @temtbl = CONCAT('CREATE TEMPORARY TABLE temp5 \t\tSELECT * FROM ', @tblName,' WHERE ',@tblid,' = ', @id);
	PREPARE stmt FROM @temtbl;
	EXECUTE stmt;
	SELECT 'name','email',t.* from temp5 as t;
    DROP TABLE temp5;
END IF ;
 end ;;
DELIMITER ;
/*!50003 SET sql_mode              = @saved_sql_mode */ ;
/*!50003 SET character_set_client  = @saved_cs_client */ ;
/*!50003 SET character_set_results = @saved_cs_results */ ;
/*!50003 SET collation_connection  = @saved_col_connection */ ;
/*!50003 DROP PROCEDURE IF EXISTS `getdetails1` */;
/*!50003 SET @saved_cs_client      = @@character_set_client */ ;
/*!50003 SET @saved_cs_results     = @@character_set_results */ ;
/*!50003 SET @saved_col_connection = @@collation_connection */ ;
/*!50003 SET character_set_client  = latin1 */ ;
/*!50003 SET character_set_results = latin1 */ ;
/*!50003 SET collation_connection  = latin1_swedish_ci */ ;
/*!50003 SET @saved_sql_mode       = @@sql_mode */ ;
/*!50003 SET sql_mode              = '' */ ;
DELIMITER ;;
CREATE DEFINER=`root`@`localhost` PROCEDURE `getdetails1`(IN `t_Name` VARCHAR(800), IN `t_Id` VARCHAR(255))
    NO SQL
begin
SET @tblName := t_Name;
SET @name := '';
SET @email := '';
SET @review := '';
SET @nominee := '';
SET @id = t_Id;
SET @tblid := CONCAT(@tblName ,'id');
SELECT `name`, `email`, `review`,`nominee` INTO @name, @email, @review , @nominee FROM form_column_mapping WHERE tblName = @tblName;
IF Length(@email) > 0 AND Length(@name) > 0 then	
	SET @query = CONCAT('CREATE TEMPORARY TABLE temp1 \t\tSELECT `', @tblid, '`,`', @name, '` ,`',@email , '` from ',@tblName,' WHERE ',@tblid,' = ', @id);
    PREPARE stmt1 FROM @query;
	EXECUTE stmt1;
    SET @temtbl = CONCAT('CREATE TEMPORARY TABLE temp  \t\tSELECT * FROM ', @tblName,' WHERE ',@tblid,' = ', 	  @id);
	PREPARE stmt FROM @temtbl;
    EXECUTE stmt;
    SET @query2 = CONCAT('ALTER TABLE temp DROP COLUMN \t\t', @name,', DROP COLUMN ',@email);
    PREPARE stmt2 FROM @query2;
    EXECUTE stmt2;
    SET @query4 = CONCAT('CREATE TEMPORARY TABLE temp3 \t\tSELECT ', @name, ',', @email,' ,t.* FROM temp t \tINNER JOIN temp1 c on c.',@tblid,'=t.',@tblid);
    PREPARE stmt4 FROM @query4;
	EXECUTE stmt4;
    SET @query5 = CONCAT('ALTER TABLE temp3 DROP \t  \t \tCOLUMN ', @tblid);
	PREPARE stmt5 FROM @query5;
	EXECUTE stmt5;
	SELECT * from temp3;
	DROP TABLE temp1;
	DROP TABLE temp;
	DROP TABLE temp3;
ELSEIF Length(@email) > 0 then
	SET @query = CONCAT('CREATE TEMPORARY TABLE temp1 \t\tSELECT `', @tblid, '`,`', @email, '` from ',@tblName,' WHERE ',@tblid,' = ', @id);
    PREPARE stmt1 FROM @query;
	EXECUTE stmt1;
    SET @temtbl = CONCAT('CREATE TEMPORARY TABLE temp  \t\tSELECT * FROM ', @tblName,' WHERE ',@tblid,' = ', 	  @id);
	PREPARE stmt FROM @temtbl;
    EXECUTE stmt;
    SET @query2 = CONCAT('ALTER TABLE temp DROP COLUMN ',@email);
    PREPARE stmt2 FROM @query2;
    EXECUTE stmt2;
    SET @query4 = CONCAT('CREATE TEMPORARY TABLE temp3 \t\tSELECT ', @email,' ,t.* FROM temp t \tINNER JOIN temp1 c on c.',@tblid,'=t.',@tblid);
    PREPARE stmt4 FROM @query4;
	EXECUTE stmt4;
    SET @query5 = CONCAT('ALTER TABLE temp3 DROP \t  \t \tCOLUMN ', @tblid);
	PREPARE stmt5 FROM @query5;
	EXECUTE stmt5;
	SELECT 'name',temp3.* from temp3;
	DROP TABLE temp1;
	DROP TABLE temp;
	DROP TABLE temp3;
ELSE
	SET @temtbl = CONCAT('CREATE TEMPORARY TABLE temp5 \t\tSELECT * FROM ', @tblName,' WHERE ',@tblid,' = ', @id);
	PREPARE stmt FROM @temtbl;
	EXECUTE stmt;
	SELECT 'name','email',t.* from temp5 as t;
    DROP TABLE temp5;
END IF ;
END ;;
DELIMITER ;
/*!50003 SET sql_mode              = @saved_sql_mode */ ;
/*!50003 SET character_set_client  = @saved_cs_client */ ;
/*!50003 SET character_set_results = @saved_cs_results */ ;
/*!50003 SET collation_connection  = @saved_col_connection */ ;
/*!50003 DROP PROCEDURE IF EXISTS `get_allData` */;
/*!50003 SET @saved_cs_client      = @@character_set_client */ ;
/*!50003 SET @saved_cs_results     = @@character_set_results */ ;
/*!50003 SET @saved_col_connection = @@collation_connection */ ;
/*!50003 SET character_set_client  = latin1 */ ;
/*!50003 SET character_set_results = latin1 */ ;
/*!50003 SET collation_connection  = latin1_swedish_ci */ ;
/*!50003 SET @saved_sql_mode       = @@sql_mode */ ;
/*!50003 SET sql_mode              = '' */ ;
DELIMITER ;;
CREATE DEFINER=`root`@`localhost` PROCEDURE `get_allData`(IN `t_Name` VARCHAR(800))
    NO SQL
begin
SET @tblName := t_Name;
SET @name := '';
SET @email := '';
SET @review := '';
SET @nominee := '';
SET @tblid := CONCAT(@tblName ,'id');
SELECT `name`, `email`, `review`,`nominee` INTO @name, @email, @review , @nominee FROM form_column_mapping WHERE tblName = @tblName;
IF Length(@name) > 0 then
    SET @temtbl = CONCAT('CREATE TEMPORARY TABLE temp  \t\tSELECT * from ', @tblName);
	PREPARE stmt FROM @temtbl;
    EXECUTE stmt;
    SET @query = CONCAT('CREATE TEMPORARY TABLE temp1 \t\tSELECT `', @tblid, '`,`', @name, '` ,`',@email , '` from ',@tblName);
    PREPARE stmt1 FROM @query;
	EXECUTE stmt1;
    SET @query2 = CONCAT('ALTER TABLE temp DROP COLUMN \t\t', @name,', DROP COLUMN ',@email);
    PREPARE stmt2 FROM @query2;
    EXECUTE stmt2;
    SET @query4 = CONCAT('CREATE TEMPORARY TABLE temp3 \t\tSELECT ', @name, ',', @email,' ,t.* FROM temp t \tINNER JOIN temp1 c on c.',@tblid,'=t.',@tblid);
    PREPARE stmt4 FROM @query4;
	EXECUTE stmt4;
    SET @query5 = CONCAT('ALTER TABLE temp3 DROP \t  \t \tCOLUMN ', @tblid);
	PREPARE stmt5 FROM @query5;
	EXECUTE stmt5;
    ALTER TABLE temp3 DROP COLUMN AutoGrade, DROP COLUMN sentDate,DROP COLUMN sent,DROP COLUMN videoColloboration,DROP COLUMN ipAddress,DROP COLUMN sentReport,DROP COLUMN ReportLink;
	SELECT * from temp3;
	DROP TABLE temp1;
	DROP TABLE temp;
	DROP TABLE temp3;
ELSE
	SET @temtbl = CONCAT('CREATE TEMPORARY TABLE temp5 \t\tSELECT * FROM ', @tblName);
	PREPARE stmt FROM @temtbl;
	EXECUTE stmt;
    ALTER TABLE temp5 DROP COLUMN AutoGrade, DROP COLUMN sentDate,DROP COLUMN sent,DROP COLUMN videoColloboration,DROP COLUMN ipAddress,DROP COLUMN sentReport,DROP COLUMN ReportLink;
    SET @query12 = CONCAT('ALTER TABLE temp5 DROP COLUMN \t\t', @tblid);
    PREPARE stmt12 FROM @query12;
    EXECUTE stmt12;
	SELECT 'name','email',t.* from temp5 as t;
    DROP TABLE temp5;
END IF ;
 end ;;
DELIMITER ;
/*!50003 SET sql_mode              = @saved_sql_mode */ ;
/*!50003 SET character_set_client  = @saved_cs_client */ ;
/*!50003 SET character_set_results = @saved_cs_results */ ;
/*!50003 SET collation_connection  = @saved_col_connection */ ;
/*!40103 SET TIME_ZONE=@OLD_TIME_ZONE */;

/*!40101 SET SQL_MODE=@OLD_SQL_MODE */;
/*!40014 SET FOREIGN_KEY_CHECKS=@OLD_FOREIGN_KEY_CHECKS */;
/*!40014 SET UNIQUE_CHECKS=@OLD_UNIQUE_CHECKS */;
/*!40101 SET CHARACTER_SET_CLIENT=@OLD_CHARACTER_SET_CLIENT */;
/*!40101 SET CHARACTER_SET_RESULTS=@OLD_CHARACTER_SET_RESULTS */;
/*!40101 SET COLLATION_CONNECTION=@OLD_COLLATION_CONNECTION */;
/*!40111 SET SQL_NOTES=@OLD_SQL_NOTES */;

-- Dump completed on 2022-06-09 13:43:26
